FAO Country,Item,Unit,Value
Afghanistan,Barley,tonnes,56781
Afghanistan,Maize,tonnes,106670
Afghanistan,Millet,tonnes,11640
Afghanistan,"Rice, paddy",tonnes,352177
Afghanistan,Sugar beet,tonnes,5363
Afghanistan,Sugar cane,tonnes,25421
Afghanistan,Wheat,tonnes,3613300
Albania,Wood residues,m3,3000
Albania,Barley,tonnes,9655
Albania,Maize,tonnes,391104
Albania,Oats,tonnes,34893
Albania,"Rice, paddy",tonnes,0
Albania,Rye,tonnes,2250
Albania,Sorghum,tonnes,0
Albania,Sugar beet,tonnes,27485
Albania,Wheat,tonnes,240294
Algeria,Barley,tonnes,1957327
Algeria,Maize,tonnes,4142
Algeria,Oats,tonnes,118018
Algeria,"Rice, paddy",tonnes,313
Algeria,Sorghum,tonnes,3622
Algeria,Sugar beet,tonnes,
Algeria,Triticale,tonnes,240
Algeria,Wheat,tonnes,3981219
American Samoa,Sugar cane,tonnes,30
Angola,Maize,tonnes,2271102
Angola,Millet,tonnes,51915
Angola,"Rice, paddy",tonnes,56441
Angola,Sorghum,tonnes,62467
Angola,Sugar cane,tonnes,572948
Angola,Wheat,tonnes,2820
Antigua and Barbuda,Maize,tonnes,75
Antigua and Barbuda,Sugar cane,tonnes,
Argentina,Wood residues,m3,417317
Argentina,Barley,tonnes,5061069
Argentina,Cereals nes,tonnes,15823
Argentina,Maize,tonnes,43462323
Argentina,Millet,tonnes,2254
Argentina,Oats,tonnes,491713
Argentina,"Rice, paddy",tonnes,1367968
Argentina,Rye,tonnes,86098
Argentina,Sorghum,tonnes,1563445
Argentina,Sugar cane,tonnes,19039561
Argentina,Wheat,tonnes,18518045
Armenia,Wood residues,m3,0
Armenia,Barley,tonnes,124167
Armenia,Cereals nes,tonnes,9366
Armenia,Maize,tonnes,7615
Armenia,Oats,tonnes,4899
Armenia,"Rice, paddy",tonnes,
Armenia,Rye,tonnes,842
Armenia,Sugar beet,tonnes,54173
Armenia,Wheat,tonnes,187453
Australia,Wood residues,m3,2577000
Australia,Barley,tonnes,9253852
Australia,Maize,tonnes,387240
Australia,Millet,tonnes,35922
Australia,Oats,tonnes,1227837
Australia,"Rice, paddy",tonnes,635113
Australia,Rye,tonnes,30762
Australia,Sorghum,tonnes,1257219
Australia,Sugar cane,tonnes,33506830
Australia,Triticale,tonnes,86957
Australia,Wheat,tonnes,20941134
Austria,Wood residues,m3,3269000
Austria,Barley,tonnes,695072
Austria,Cereals nes,tonnes,39217
Austria,"Grain, mixed",tonnes,8455
Austria,Maize,tonnes,2130339
Austria,Millet,tonnes,10864
Austria,Oats,tonnes,74716
Austria,Rye,tonnes,177447
Austria,Sorghum,tonnes,27586
Austria,Sugar beet,tonnes,2150192
Austria,Triticale,tonnes,278581
Austria,Wheat,tonnes,1370960
Azerbaijan,Wood residues,m3,100
Azerbaijan,Barley,tonnes,916036
Azerbaijan,Maize,tonnes,247939
Azerbaijan,Millet,tonnes,2792
Azerbaijan,Oats,tonnes,10516
Azerbaijan,"Rice, paddy",tonnes,11975
Azerbaijan,Rye,tonnes,680
Azerbaijan,Sorghum,tonnes,198
Azerbaijan,Sugar beet,tonnes,277217
Azerbaijan,Wheat,tonnes,1991683
Bahamas,Maize,tonnes,742
Bahamas,Millet,tonnes,
Bahamas,Sugar cane,tonnes,57360
Bangladesh,Barley,tonnes,244
Bangladesh,Maize,tonnes,3288102
Bangladesh,Millet,tonnes,12713
Bangladesh,"Rice, paddy",tonnes,56417319
Bangladesh,Sorghum,tonnes,87
Bangladesh,Sugar cane,tonnes,3638731
Bangladesh,Sugar crops nes,tonnes,272000
Bangladesh,Wheat,tonnes,1099373
Barbados,Maize,tonnes,109
Barbados,Sugar cane,tonnes,146831
Belarus,Wood residues,m3,241000
Belarus,Barley,tonnes,944341
Belarus,Cereals nes,tonnes,19761
Belarus,Maize,tonnes,1137932
Belarus,Millet,tonnes,19925
Belarus,Oats,tonnes,341505
Belarus,Rye,tonnes,502505
Belarus,Sugar beet,tonnes,4806259
Belarus,Triticale,tonnes,1014640
Belarus,Wheat,tonnes,1814765
Belgium,Wood residues,m3,538940
Belgium,Barley,tonnes,320395
Belgium,"Grain, mixed",tonnes,14716
Belgium,Maize,tonnes,442995
Belgium,Oats,tonnes,18202
Belgium,Rye,tonnes,2319
Belgium,Sugar beet,tonnes,5192049
Belgium,Triticale,tonnes,32132
Belgium,Wheat,tonnes,1652249
Belize,Maize,tonnes,77766
Belize,"Rice, paddy",tonnes,13375
Belize,Sorghum,tonnes,8200
Belize,Sugar cane,tonnes,1707537
Benin,Fonio,tonnes,1167
Benin,Maize,tonnes,1509758
Benin,Millet,tonnes,26143
Benin,"Rice, paddy",tonnes,459313
Benin,Sorghum,tonnes,319175
Benin,Sugar cane,tonnes,11602
Bhutan,Wood residues,m3,300
Bhutan,Barley,tonnes,1994
Bhutan,Cereals nes,tonnes,1096
Bhutan,Maize,tonnes,92949
Bhutan,Millet,tonnes,1755
Bhutan,Oats,tonnes,
Bhutan,"Rice, paddy",tonnes,88753
Bhutan,Sugar cane,tonnes,415
Bhutan,Wheat,tonnes,4141
Bolivia (Plurinational State of),Wood residues,m3,402000
Bolivia (Plurinational State of),Barley,tonnes,46620
Bolivia (Plurinational State of),Cereals nes,tonnes,777
Bolivia (Plurinational State of),Maize,tonnes,1260926
Bolivia (Plurinational State of),Oats,tonnes,21906
Bolivia (Plurinational State of),"Rice, paddy",tonnes,541157
Bolivia (Plurinational State of),Rye,tonnes,275
Bolivia (Plurinational State of),Sorghum,tonnes,1023314
Bolivia (Plurinational State of),Sugar cane,tonnes,9616440
Bolivia (Plurinational State of),Wheat,tonnes,301689
Bosnia and Herzegovina,Wood residues,m3,100000
Bosnia and Herzegovina,Barley,tonnes,79060
Bosnia and Herzegovina,Cereals nes,tonnes,
Bosnia and Herzegovina,"Grain, mixed",tonnes,
Bosnia and Herzegovina,Maize,tonnes,1272339
Bosnia and Herzegovina,Oats,tonnes,26511
Bosnia and Herzegovina,Rye,tonnes,11409
Bosnia and Herzegovina,Sugar beet,tonnes,688
Bosnia and Herzegovina,Triticale,tonnes,57283
Bosnia and Herzegovina,Wheat,tonnes,295810
Botswana,Cereals nes,tonnes,4178
Botswana,Maize,tonnes,13126
Botswana,Millet,tonnes,1145
Botswana,Sorghum,tonnes,17835
Botswana,Wheat,tonnes,
Brazil,Wood residues,m3,19140000
Brazil,Barley,tonnes,330374
Brazil,Maize,tonnes,82288298
Brazil,Oats,tonnes,897805
Brazil,"Rice, paddy",tonnes,11749192
Brazil,Rye,tonnes,8297
Brazil,Sorghum,tonnes,2272939
Brazil,Sugar cane,tonnes,746828157
Brazil,Triticale,tonnes,32948
Brazil,Wheat,tonnes,5418711
Brunei Darussalam,"Rice, paddy",tonnes,1569
Bulgaria,Wood residues,m3,0
Bulgaria,Barley,tonnes,437507
Bulgaria,Cereals nes,tonnes,1159
Bulgaria,Maize,tonnes,3478013
Bulgaria,Millet,tonnes,4898
Bulgaria,Oats,tonnes,24308
Bulgaria,"Rice, paddy",tonnes,63415
Bulgaria,Rye,tonnes,13776
Bulgaria,Sorghum,tonnes,36168
Bulgaria,Sugar beet,tonnes,
Bulgaria,Triticale,tonnes,40306
Bulgaria,Wheat,tonnes,5832449
Burkina Faso,Fonio,tonnes,11270
Burkina Faso,Maize,tonnes,1700127
Burkina Faso,Millet,tonnes,1189079
Burkina Faso,"Rice, paddy",tonnes,160949
Burkina Faso,Sorghum,tonnes,1929834
Burkina Faso,Sugar cane,tonnes,490208
Burundi,Cereals nes,tonnes,18441
Burundi,Maize,tonnes,290498
Burundi,Millet,tonnes,9969
Burundi,"Rice, paddy",tonnes,55671
Burundi,Sorghum,tonnes,28472
Burundi,Sugar cane,tonnes,178439
Burundi,Wheat,tonnes,22751
Cabo Verde,Maize,tonnes,3893
Cabo Verde,Sugar cane,tonnes,22940
Cambodia,Maize,tonnes,604333
Cambodia,"Rice, paddy",tonnes,10647212
Cambodia,Sugar cane,tonnes,594252
Cameroon,Wood residues,m3,16000
Cameroon,Maize,tonnes,2344665
Cameroon,Millet,tonnes,104230
Cameroon,"Rice, paddy",tonnes,332534
Cameroon,Sorghum,tonnes,1416116
Cameroon,Sugar cane,tonnes,1287002
Cameroon,Wheat,tonnes,938
Canada,Wood residues,m3,8774000
Canada,Barley,tonnes,8379700
Canada,"Grain, mixed",tonnes,194700
Canada,Maize,tonnes,13884800
Canada,Oats,tonnes,3436000
Canada,Rye,tonnes,236400
Canada,Sugar beet,tonnes,505117
Canada,Triticale,tonnes,62200
Canada,Wheat,tonnes,31769200
Central African Republic,Maize,tonnes,86976
Central African Republic,Millet,tonnes,10137
Central African Republic,"Rice, paddy",tonnes,11108
Central African Republic,Sorghum,tonnes,29683
Central African Republic,Sugar cane,tonnes,107646
Chad,Cereals nes,tonnes,578562
Chad,Maize,tonnes,437898
Chad,Millet,tonnes,756616
Chad,"Rice, paddy",tonnes,259540
Chad,Sorghum,tonnes,987558
Chad,Sugar cane,tonnes,475073
Chad,Wheat,tonnes,1798
Chile,Wood residues,m3,1916000
Chile,Barley,tonnes,170652
Chile,Maize,tonnes,1110608
Chile,Oats,tonnes,571471
Chile,"Rice, paddy",tonnes,192808
Chile,Rye,tonnes,4300
Chile,Sugar beet,tonnes,2374496
Chile,Triticale,tonnes,142592
Chile,Wheat,tonnes,1469003
China,Wood residues,m3,104000000
China,Barley,tonnes,1487906
China,Cereals nes,tonnes,88991
China,Maize,tonnes,257348659
China,Millet,tonnes,1566363
China,Oats,tonnes,1004592
China,"Rice, paddy",tonnes,214078796
China,Rye,tonnes,1044776
China,Sorghum,tonnes,2194361
China,Sugar beet,tonnes,12077618
China,Sugar cane,tonnes,108718971
China,Triticale,tonnes,773536
China,Wheat,tonnes,131447224
"China, Hong Kong SAR","Rice, paddy",tonnes,0
"China, mainland",Wood residues,m3,104000000
"China, mainland",Barley,tonnes,1487906
"China, mainland",Cereals nes,tonnes,88605
"China, mainland",Maize,tonnes,257173900
"China, mainland",Millet,tonnes,1565965
"China, mainland",Oats,tonnes,1004592
"China, mainland","Rice, paddy",tonnes,212129000
"China, mainland",Rye,tonnes,1044776
"China, mainland",Sorghum,tonnes,2192032
"China, mainland",Sugar beet,tonnes,12077618
"China, mainland",Sugar cane,tonnes,108097100
"China, mainland",Triticale,tonnes,773536
"China, mainland",Wheat,tonnes,131440500
"China, Taiwan Province of",Barley,tonnes,
"China, Taiwan Province of",Cereals nes,tonnes,386
"China, Taiwan Province of",Maize,tonnes,174759
"China, Taiwan Province of",Millet,tonnes,398
"China, Taiwan Province of","Rice, paddy",tonnes,1949796
"China, Taiwan Province of",Sorghum,tonnes,2329
"China, Taiwan Province of",Sugar cane,tonnes,621871
"China, Taiwan Province of",Wheat,tonnes,6724
Colombia,Wood residues,m3,210809
Colombia,Barley,tonnes,11001
Colombia,Cereals nes,tonnes,4099
Colombia,Maize,tonnes,1388246
Colombia,Oats,tonnes,4745
Colombia,"Rice, paddy",tonnes,3322937
Colombia,Sorghum,tonnes,15515
Colombia,Sugar beet,tonnes,29615
Colombia,Sugar cane,tonnes,36276860
Colombia,Sugar crops nes,tonnes,
Colombia,Wheat,tonnes,11139
Comoros,Maize,tonnes,7014
Comoros,"Rice, paddy",tonnes,31340
Congo,Cereals nes,tonnes,2535
Congo,Maize,tonnes,11928
Congo,Millet,tonnes,14227
Congo,"Rice, paddy",tonnes,1196
Congo,Sugar beet,tonnes,
Congo,Sugar cane,tonnes,718214
Costa Rica,Wood residues,m3,228630
Costa Rica,Maize,tonnes,5358
Costa Rica,"Rice, paddy",tonnes,158311
Costa Rica,Sorghum,tonnes,
Costa Rica,Sugar cane,tonnes,4421210
Côte d'Ivoire,Wood residues,m3,69200
Côte d'Ivoire,Fonio,tonnes,20556
Côte d'Ivoire,Maize,tonnes,1006000
Côte d'Ivoire,Millet,tonnes,64169
Côte d'Ivoire,"Rice, paddy",tonnes,2109333
Côte d'Ivoire,Sorghum,tonnes,66052
Côte d'Ivoire,Sugar cane,tonnes,1948318
Croatia,Wood residues,m3,235000
Croatia,Barley,tonnes,227520
Croatia,Cereals nes,tonnes,6325
Croatia,"Grain, mixed",tonnes,7461
Croatia,Maize,tonnes,2147275
Croatia,Millet,tonnes,207
Croatia,Oats,tonnes,44827
Croatia,Rye,tonnes,4100
Croatia,Sorghum,tonnes,152
Croatia,Sugar beet,tonnes,776491
Croatia,Triticale,tonnes,62010
Croatia,Wheat,tonnes,744405
Cuba,Wood residues,m3,600
Cuba,Maize,tonnes,345909
Cuba,"Rice, paddy",tonnes,460870
Cuba,Sorghum,tonnes,5595
Cuba,Sugar cane,tonnes,19648340
Cyprus,Wood residues,m3,6958
Cyprus,Barley,tonnes,18679
Cyprus,Oats,tonnes,492
Cyprus,Rye,tonnes,
Cyprus,Wheat,tonnes,18054
Czechia,Wood residues,m3,875006
Czechia,Barley,tonnes,1606034
Czechia,Cereals nes,tonnes,8075
Czechia,"Grain, mixed",tonnes,4845
Czechia,Maize,tonnes,489154
Czechia,Millet,tonnes,1016
Czechia,Oats,tonnes,152656
Czechia,Rye,tonnes,120160
Czechia,Sorghum,tonnes,
Czechia,Sugar beet,tonnes,3724309
Czechia,Triticale,tonnes,172154
Czechia,Wheat,tonnes,4417841
Democratic People's Republic of Korea,Barley,tonnes,22000
Democratic People's Republic of Korea,Maize,tonnes,1876000
Democratic People's Republic of Korea,Millet,tonnes,78486
Democratic People's Republic of Korea,Oats,tonnes,11267
Democratic People's Republic of Korea,"Rice, paddy",tonnes,2088000
Democratic People's Republic of Korea,Rye,tonnes,65250
Democratic People's Republic of Korea,Sorghum,tonnes,35836
Democratic People's Republic of Korea,Wheat,tonnes,35000
Democratic Republic of the Congo,Barley,tonnes,1085
Democratic Republic of the Congo,Maize,tonnes,2078352
Democratic Republic of the Congo,Millet,tonnes,40807
Democratic Republic of the Congo,Oats,tonnes,0
Democratic Republic of the Congo,"Rice, paddy",tonnes,990139
Democratic Republic of the Congo,Sorghum,tonnes,4336
Democratic Republic of the Congo,Sugar cane,tonnes,2359258
Democratic Republic of the Congo,Wheat,tonnes,6309
Denmark,Wood residues,m3,0
Denmark,Barley,tonnes,3485656
Denmark,"Grain, mixed",tonnes,19228
Denmark,Maize,tonnes,35923
Denmark,Oats,tonnes,289933
Denmark,Rye,tonnes,482166
Denmark,Sugar beet,tonnes,2107616
Denmark,Triticale,tonnes,37569
Denmark,Wheat,tonnes,2654819
Djibouti,Maize,tonnes,18
Djibouti,Sugar cane,tonnes,53
Dominica,Maize,tonnes,191
Dominica,Sugar cane,tonnes,4917
Dominican Republic,Maize,tonnes,44590
Dominican Republic,"Rice, paddy",tonnes,627362
Dominican Republic,Sorghum,tonnes,985
Dominican Republic,Sugar beet,tonnes,
Dominican Republic,Sugar cane,tonnes,5277574
Ecuador,Wood residues,m3,158000
Ecuador,Barley,tonnes,13674
Ecuador,Maize,tonnes,1324147
Ecuador,Oats,tonnes,884
Ecuador,"Rice, paddy",tonnes,1350093
Ecuador,Rye,tonnes,79
Ecuador,Sorghum,tonnes,14988
Ecuador,Sugar beet,tonnes,4636
Ecuador,Sugar cane,tonnes,7502251
Ecuador,Wheat,tonnes,5398
Egypt,Barley,tonnes,113838
Egypt,Maize,tonnes,7300000
Egypt,"Rice, paddy",tonnes,4900000
Egypt,Rye,tonnes,94436
Egypt,Sorghum,tonnes,843263
Egypt,Sugar beet,tonnes,11222720
Egypt,Sugar cane,tonnes,15242687
Egypt,Wheat,tonnes,8800000
El Salvador,Wood residues,m3,457000
El Salvador,Maize,tonnes,685509
El Salvador,"Rice, paddy",tonnes,22764
El Salvador,Sorghum,tonnes,109290
El Salvador,Sugar cane,tonnes,7046001
Eritrea,Barley,tonnes,68268
Eritrea,Cereals nes,tonnes,31560
Eritrea,Maize,tonnes,19914
Eritrea,Millet,tonnes,23921
Eritrea,Sorghum,tonnes,140052
Eritrea,Wheat,tonnes,28939
Estonia,Wood residues,m3,1100000
Estonia,Barley,tonnes,347497
Estonia,"Grain, mixed",tonnes,1214
Estonia,Millet,tonnes,
Estonia,Oats,tonnes,78381
Estonia,Rye,tonnes,29511
Estonia,Sugar beet,tonnes,
Estonia,Triticale,tonnes,11517
Estonia,Wheat,tonnes,450265
Eswatini,Maize,tonnes,91247
Eswatini,"Rice, paddy",tonnes,83
Eswatini,Sorghum,tonnes,633
Eswatini,Sugar cane,tonnes,5596146
Eswatini,Wheat,tonnes,713
Ethiopia,Wood residues,m3,1000
Ethiopia,Barley,tonnes,2101375
Ethiopia,Cereals nes,tonnes,5385895
Ethiopia,Maize,tonnes,7360201
Ethiopia,Millet,tonnes,982958
Ethiopia,Oats,tonnes,45849
Ethiopia,"Rice, paddy",tonnes,144200
Ethiopia,Sorghum,tonnes,4932408
Ethiopia,Sugar cane,tonnes,1474881
Ethiopia,Wheat,tonnes,4238836
Fiji,Maize,tonnes,1208
Fiji,"Rice, paddy",tonnes,7051
Fiji,Sorghum,tonnes,25
Fiji,Sugar cane,tonnes,1383084
Finland,Wood residues,m3,5064071
Finland,Barley,tonnes,1336100
Finland,Cereals nes,tonnes,3433
Finland,"Grain, mixed",tonnes,38800
Finland,Oats,tonnes,818200
Finland,Rye,tonnes,42300
Finland,Sugar beet,tonnes,355400
Finland,Wheat,tonnes,494700
France,Wood residues,m3,8224000
France,Barley,tonnes,11193034
France,Cereals nes,tonnes,174863
France,"Grain, mixed",tonnes,361351
France,Maize,tonnes,12667393
France,Millet,tonnes,40914
France,Oats,tonnes,427994
France,"Rice, paddy",tonnes,73306
France,Rye,tonnes,110092
France,Sorghum,tonnes,323143
France,Sugar beet,tonnes,39579925
France,Sugar cane,tonnes,2273517
France,Triticale,tonnes,1381935
France,Wheat,tonnes,35798234
French Guyana,Maize,tonnes,417
French Guyana,"Rice, paddy",tonnes,2853
French Guyana,Sugar cane,tonnes,8100
French Polynesia,Sugar cane,tonnes,3517
Gabon,Maize,tonnes,46006
Gabon,"Rice, paddy",tonnes,1830
Gabon,Sugar cane,tonnes,294448
Gambia,Cereals nes,tonnes,824
Gambia,Fonio,tonnes,
Gambia,Maize,tonnes,39383
Gambia,Millet,tonnes,98894
Gambia,"Rice, paddy",tonnes,53809
Gambia,Sorghum,tonnes,29209
Georgia,Wood residues,m3,120800
Georgia,Barley,tonnes,57700
Georgia,Cereals nes,tonnes,7555
Georgia,Maize,tonnes,194200
Georgia,Oats,tonnes,4700
Georgia,Rye,tonnes,95
Georgia,Sugar beet,tonnes,
Georgia,Wheat,tonnes,107100
Germany,Wood residues,m3,4327883
Germany,Barley,tonnes,9583600
Germany,"Grain, mixed",tonnes,50200
Germany,Maize,tonnes,3344000
Germany,Oats,tonnes,577600
Germany,Rye,tonnes,2201400
Germany,Sugar beet,tonnes,26191400
Germany,Triticale,tonnes,1935500
Germany,Wheat,tonnes,20263500
Ghana,Maize,tonnes,2306384
Ghana,Millet,tonnes,181564
Ghana,Oats,tonnes,51
Ghana,"Rice, paddy",tonnes,769401
Ghana,Sorghum,tonnes,316236
Ghana,Sugar cane,tonnes,152499
Greece,Wood residues,m3,4500
Greece,Barley,tonnes,344610
Greece,Cereals nes,tonnes,47639
Greece,"Grain, mixed",tonnes,4909
Greece,Maize,tonnes,1205980
Greece,Millet,tonnes,131
Greece,Oats,tonnes,80720
Greece,"Rice, paddy",tonnes,222690
Greece,Rye,tonnes,18960
Greece,Sorghum,tonnes,7
Greece,Sugar beet,tonnes,353078
Greece,Triticale,tonnes,38330
Greece,Wheat,tonnes,1072940
Grenada,Maize,tonnes,365
Grenada,Sugar cane,tonnes,7303
Guadeloupe,Sugar cane,tonnes,669573
Guam,Maize,tonnes,56
Guatemala,Wood residues,m3,136912
Guatemala,Barley,tonnes,17
Guatemala,Maize,tonnes,1921936
Guatemala,"Rice, paddy",tonnes,31498
Guatemala,Sorghum,tonnes,49333
Guatemala,Sugar cane,tonnes,35568207
Guatemala,Wheat,tonnes,1282
Guinea,Fonio,tonnes,477432
Guinea,Maize,tonnes,818544
Guinea,Millet,tonnes,214747
Guinea,"Rice, paddy",tonnes,2339747
Guinea,Sorghum,tonnes,60570
Guinea,Sugar cane,tonnes,311561
Guinea-Bissau,Cereals nes,tonnes,1834
Guinea-Bissau,Fonio,tonnes,738
Guinea-Bissau,Maize,tonnes,7254
Guinea-Bissau,Millet,tonnes,14788
Guinea-Bissau,"Rice, paddy",tonnes,171239
Guinea-Bissau,Sorghum,tonnes,18609
Guinea-Bissau,Sugar cane,tonnes,6923
Guyana,Maize,tonnes,4284
Guyana,"Rice, paddy",tonnes,964472
Guyana,Sugar cane,tonnes,1214495
Haiti,Maize,tonnes,260000
Haiti,"Rice, paddy",tonnes,183000
Haiti,Sorghum,tonnes,70000
Haiti,Sugar cane,tonnes,1502415
Honduras,Wood residues,m3,208000
Honduras,Maize,tonnes,704747
Honduras,"Rice, paddy",tonnes,59698
Honduras,Sorghum,tonnes,25000
Honduras,Sugar cane,tonnes,5526000
Honduras,Wheat,tonnes,1248
Hungary,Wood residues,m3,20000
Hungary,Barley,tonnes,1141007
Hungary,Cereals nes,tonnes,8458
Hungary,Maize,tonnes,7963217
Hungary,Millet,tonnes,3400
Hungary,Oats,tonnes,59166
Hungary,"Rice, paddy",tonnes,11971
Hungary,Rye,tonnes,84116
Hungary,Sorghum,tonnes,38878
Hungary,Sugar beet,tonnes,941655
Hungary,Triticale,tonnes,330210
Hungary,Wheat,tonnes,5245890
Iceland,Wood residues,m3,0
Iceland,Barley,tonnes,3900
India,Barley,tonnes,1780000
India,Maize,tonnes,27820000
India,Millet,tonnes,11640000
India,"Rice, paddy",tonnes,172580000
India,Sorghum,tonnes,4800000
India,Sugar cane,tonnes,376900000
India,Wheat,tonnes,99700000
Indonesia,Wood residues,m3,388000
Indonesia,Maize,tonnes,30253938
Indonesia,"Rice, paddy",tonnes,83037000
Indonesia,Sugar cane,tonnes,21744000
Indonesia,Sugar crops nes,tonnes,206884
Iran (Islamic Republic of),Barley,tonnes,2800000
Iran (Islamic Republic of),Maize,tonnes,1338258
Iran (Islamic Republic of),Millet,tonnes,17573
Iran (Islamic Republic of),"Rice, paddy",tonnes,1990000
Iran (Islamic Republic of),Rye,tonnes,457
Iran (Islamic Republic of),Sugar beet,tonnes,4901592
Iran (Islamic Republic of),Sugar cane,tonnes,8114804
Iran (Islamic Republic of),Wheat,tonnes,14500000
Iraq,Barley,tonnes,571283
Iraq,Maize,tonnes,209059
Iraq,Millet,tonnes,4130
Iraq,Oats,tonnes,441
Iraq,"Rice, paddy",tonnes,274788
Iraq,Sorghum,tonnes,19562
Iraq,Sugar beet,tonnes,30044
Iraq,Sugar cane,tonnes,10280
Iraq,Wheat,tonnes,3211382
Ireland,Wood residues,m3,230000
Ireland,Barley,tonnes,1224900
Ireland,Cereals nes,tonnes,1119
Ireland,Oats,tonnes,122300
Ireland,Rye,tonnes,635
Ireland,Sugar beet,tonnes,78597
Ireland,Wheat,tonnes,506800
Israel,Wood residues,m3,10000
Israel,Barley,tonnes,8750
Israel,Maize,tonnes,81930
Israel,Oats,tonnes,217
Israel,Sorghum,tonnes,47924
Israel,Sugar beet,tonnes,
Israel,Wheat,tonnes,70500
Italy,Wood residues,m3,0
Italy,Barley,tonnes,1010328
Italy,Cereals nes,tonnes,104589
Italy,Maize,tonnes,6179035
Italy,Oats,tonnes,243366
Italy,"Rice, paddy",tonnes,1512241
Italy,Rye,tonnes,10639
Italy,Sorghum,tonnes,293865
Italy,Sugar beet,tonnes,1941479
Italy,Triticale,tonnes,59841
Italy,Wheat,tonnes,6932943
Jamaica,Maize,tonnes,2177
Jamaica,"Rice, paddy",tonnes,0
Jamaica,Sugar cane,tonnes,1028400
Japan,Wood residues,m3,6773000
Japan,Barley,tonnes,174700
Japan,Maize,tonnes,165
Japan,Millet,tonnes,203
Japan,Oats,tonnes,278
Japan,"Rice, paddy",tonnes,9727500
Japan,Rye,tonnes,
Japan,Sorghum,tonnes,
Japan,Sugar beet,tonnes,3611000
Japan,Sugar cane,tonnes,1217298
Japan,Wheat,tonnes,764900
Jordan,Barley,tonnes,35173
Jordan,Maize,tonnes,21914
Jordan,Millet,tonnes,10
Jordan,Sorghum,tonnes,13431
Jordan,Wheat,tonnes,20668
Kazakhstan,Wood residues,m3,0
Kazakhstan,Barley,tonnes,3971266
Kazakhstan,Cereals nes,tonnes,451725
Kazakhstan,Maize,tonnes,862094
Kazakhstan,Millet,tonnes,40237
Kazakhstan,Oats,tonnes,336129
Kazakhstan,"Rice, paddy",tonnes,482945
Kazakhstan,Rye,tonnes,22520
Kazakhstan,Sorghum,tonnes,2305
Kazakhstan,Sugar beet,tonnes,504541
Kazakhstan,Wheat,tonnes,13944108
Kenya,Wood residues,m3,36000
Kenya,Barley,tonnes,78089
Kenya,Maize,tonnes,4013777
Kenya,Millet,tonnes,83554
Kenya,Oats,tonnes,3633
Kenya,"Rice, paddy",tonnes,110325
Kenya,Sorghum,tonnes,206234
Kenya,Sugar cane,tonnes,5262157
Kenya,Wheat,tonnes,336600
Kuwait,Barley,tonnes,2338
Kuwait,Maize,tonnes,8869
Kuwait,Oats,tonnes,
Kuwait,Wheat,tonnes,9
Kyrgyzstan,Wood residues,m3,0
Kyrgyzstan,Barley,tonnes,429306
Kyrgyzstan,"Grain, mixed",tonnes,78
Kyrgyzstan,Maize,tonnes,692877
Kyrgyzstan,Millet,tonnes,86
Kyrgyzstan,Oats,tonnes,2638
Kyrgyzstan,"Rice, paddy",tonnes,40783
Kyrgyzstan,Rye,tonnes,1109
Kyrgyzstan,Sorghum,tonnes,52
Kyrgyzstan,Sugar beet,tonnes,773034
Kyrgyzstan,Triticale,tonnes,587
Kyrgyzstan,Wheat,tonnes,615926
Lao People's Democratic Republic,Maize,tonnes,981680
Lao People's Democratic Republic,"Rice, paddy",tonnes,3584700
Lao People's Democratic Republic,Sugar cane,tonnes,1834525
Latvia,Wood residues,m3,1655200
Latvia,Barley,tonnes,306300
Latvia,Cereals nes,tonnes,
Latvia,"Grain, mixed",tonnes,10500
Latvia,Oats,tonnes,188200
Latvia,Rye,tonnes,81600
Latvia,Sugar beet,tonnes,0
Latvia,Triticale,tonnes,13700
Latvia,Wheat,tonnes,1431600
Lebanon,Barley,tonnes,31446
Lebanon,Maize,tonnes,3288
Lebanon,Oats,tonnes,139
Lebanon,Sorghum,tonnes,453
Lebanon,Sugar beet,tonnes,4002
Lebanon,Sugar cane,tonnes,91
Lebanon,Wheat,tonnes,135411
Lesotho,Barley,tonnes,453
Lesotho,Maize,tonnes,100242
Lesotho,Oats,tonnes,315
Lesotho,Sorghum,tonnes,14849
Lesotho,Wheat,tonnes,9058
Liberia,"Rice, paddy",tonnes,257995
Liberia,Sugar cane,tonnes,275277
Libya,Barley,tonnes,93208
Libya,Maize,tonnes,3571
Libya,Millet,tonnes,6682
Libya,Wheat,tonnes,138770
Liechtenstein,Wood residues,m3,0
Lithuania,Wood residues,m3,774000
Lithuania,Barley,tonnes,619538
Lithuania,Cereals nes,tonnes,113
Lithuania,"Grain, mixed",tonnes,20225
Lithuania,Maize,tonnes,87587
Lithuania,Oats,tonnes,182442
Lithuania,Rye,tonnes,43992
Lithuania,Sugar beet,tonnes,888616
Lithuania,Triticale,tonnes,153278
Lithuania,Wheat,tonnes,2838899
Luxembourg,Wood residues,m3,98500
Luxembourg,Barley,tonnes,34662
Luxembourg,Cereals nes,tonnes,351
Luxembourg,"Grain, mixed",tonnes,486
Luxembourg,Maize,tonnes,565
Luxembourg,Oats,tonnes,6977
Luxembourg,Rye,tonnes,6048
Luxembourg,Triticale,tonnes,26738
Luxembourg,Wheat,tonnes,78409
Madagascar,Wood residues,m3,3765
Madagascar,Cereals nes,tonnes,
Madagascar,Maize,tonnes,215000
Madagascar,"Rice, paddy",tonnes,4030000
Madagascar,Sorghum,tonnes,1333
Madagascar,Sugar cane,tonnes,3142902
Madagascar,Wheat,tonnes,6322
Malawi,Wood residues,m3,6500
Malawi,Maize,tonnes,2697959
Malawi,Millet,tonnes,31315
Malawi,"Rice, paddy",tonnes,112313
Malawi,Sorghum,tonnes,82852
Malawi,Sugar cane,tonnes,3024743
Malawi,Wheat,tonnes,729
Malaysia,Wood residues,m3,1404000
Malaysia,Maize,tonnes,76362
Malaysia,"Rice, paddy",tonnes,2718987
Malaysia,Sugar cane,tonnes,29433
Maldives,Maize,tonnes,147
Maldives,Millet,tonnes,4
Maldives,Sorghum,tonnes,53
Mali,Wood residues,m3,507000
Mali,Cereals nes,tonnes,146
Mali,Fonio,tonnes,27868
Mali,Maize,tonnes,3624950
Mali,Millet,tonnes,1840321
Mali,"Rice, paddy",tonnes,3167528
Mali,Sorghum,tonnes,1469688
Mali,Sugar beet,tonnes,11955
Mali,Sugar cane,tonnes,366160
Mali,Wheat,tonnes,29185
Malta,Wood residues,m3,0
Malta,Barley,tonnes,2186
Malta,"Grain, mixed",tonnes,
Malta,Wheat,tonnes,12208
Martinique,Sugar cane,tonnes,198102
Mauritania,Barley,tonnes,1535
Mauritania,Maize,tonnes,15519
Mauritania,Millet,tonnes,3293
Mauritania,"Rice, paddy",tonnes,232196
Mauritania,Sorghum,tonnes,80218
Mauritania,Wheat,tonnes,7349
Mauritius,Wood residues,m3,200
Mauritius,Maize,tonnes,387
Mauritius,"Rice, paddy",tonnes,19
Mauritius,Sugar cane,tonnes,3154516
Mexico,Barley,tonnes,1008642
Mexico,Cereals nes,tonnes,7115
Mexico,Maize,tonnes,27169977
Mexico,Millet,tonnes,221
Mexico,Oats,tonnes,99305
Mexico,"Rice, paddy",tonnes,283763
Mexico,Rye,tonnes,9
Mexico,Sorghum,tonnes,4531097
Mexico,Sugar beet,tonnes,878
Mexico,Sugar cane,tonnes,56841523
Mexico,Triticale,tonnes,25403
Mexico,Wheat,tonnes,2943445
Micronesia (Federated States of),Maize,tonnes,93
Micronesia (Federated States of),"Rice, paddy",tonnes,177
Micronesia (Federated States of),Sorghum,tonnes,17
Mongolia,Barley,tonnes,2355
Mongolia,Cereals nes,tonnes,5408
Mongolia,Oats,tonnes,9972
Mongolia,Wheat,tonnes,436115
Montenegro,Wood residues,m3,125400
Montenegro,Barley,tonnes,1082
Montenegro,Maize,tonnes,2743
Montenegro,Oats,tonnes,563
Montenegro,Rye,tonnes,445
Montenegro,Wheat,tonnes,2467
Montserrat,Maize,tonnes,138
Morocco,Barley,tonnes,2851022
Morocco,Cereals nes,tonnes,3762
Morocco,Maize,tonnes,118392
Morocco,Millet,tonnes,4653
Morocco,Oats,tonnes,21424
Morocco,"Rice, paddy",tonnes,63037
Morocco,Rye,tonnes,2363
Morocco,Sorghum,tonnes,3317
Morocco,Sugar beet,tonnes,3710514
Morocco,Sugar cane,tonnes,616114
Morocco,Wheat,tonnes,7320620
Mozambique,Maize,tonnes,1654143
Mozambique,Millet,tonnes,16995
Mozambique,"Rice, paddy",tonnes,134105
Mozambique,Sorghum,tonnes,90826
Mozambique,Sugar cane,tonnes,3072851
Mozambique,Wheat,tonnes,21105
Myanmar,Barley,tonnes,
Myanmar,Cereals nes,tonnes,12133
Myanmar,Maize,tonnes,1983122
Myanmar,Millet,tonnes,247895
Myanmar,"Rice, paddy",tonnes,25418142
Myanmar,Sorghum,tonnes,218392
Myanmar,Sugar cane,tonnes,10659222
Myanmar,Sugar crops nes,tonnes,476378
Myanmar,Wheat,tonnes,134372
Namibia,Maize,tonnes,59253
Namibia,Millet,tonnes,83515
Namibia,Sorghum,tonnes,4036
Namibia,Wheat,tonnes,6094
Nepal,Barley,tonnes,30510
Nepal,Maize,tonnes,2473283
Nepal,Millet,tonnes,313987
Nepal,"Rice, paddy",tonnes,5151925
Nepal,Sugar cane,tonnes,3558182
Nepal,Wheat,tonnes,1949001
Netherlands,Wood residues,m3,902000
Netherlands,Barley,tonnes,253423
Netherlands,"Grain, mixed",tonnes,
Netherlands,Maize,tonnes,84894
Netherlands,Oats,tonnes,7011
Netherlands,Rye,tonnes,4457
Netherlands,Sorghum,tonnes,
Netherlands,Sugar beet,tonnes,6508142
Netherlands,Triticale,tonnes,5450
Netherlands,Wheat,tonnes,985297
New Caledonia,Maize,tonnes,10184
New Caledonia,Sorghum,tonnes,120
New Caledonia,Wheat,tonnes,4
New Zealand,Wood residues,m3,0
New Zealand,Barley,tonnes,379704
New Zealand,Cereals nes,tonnes,10770
New Zealand,Maize,tonnes,191993
New Zealand,Oats,tonnes,24286
New Zealand,"Rice, paddy",tonnes,
New Zealand,Wheat,tonnes,371027
Nicaragua,Wood residues,m3,7177
Nicaragua,Maize,tonnes,395226
Nicaragua,"Rice, paddy",tonnes,365000
Nicaragua,Sorghum,tonnes,60156
Nicaragua,Sugar beet,tonnes,
Nicaragua,Sugar cane,tonnes,7224366
Niger,Cereals nes,tonnes,980
Niger,Fonio,tonnes,6400
Niger,Maize,tonnes,29536
Niger,Millet,tonnes,3856344
Niger,"Rice, paddy",tonnes,101607
Niger,Sorghum,tonnes,2100190
Niger,Sugar cane,tonnes,258091
Niger,Wheat,tonnes,4807
Nigeria,Fonio,tonnes,83403
Nigeria,Maize,tonnes,10155027
Nigeria,Millet,tonnes,2240744
Nigeria,"Rice, paddy",tonnes,6809327
Nigeria,Sorghum,tonnes,6862343
Nigeria,Sugar cane,tonnes,1423086
Nigeria,Wheat,tonnes,65433
North Macedonia,Wood residues,m3,0
North Macedonia,Barley,tonnes,130028
North Macedonia,Maize,tonnes,190722
North Macedonia,Millet,tonnes,44
North Macedonia,Oats,tonnes,7338
North Macedonia,"Rice, paddy",tonnes,19732
North Macedonia,Rye,tonnes,9379
North Macedonia,Sorghum,tonnes,33
North Macedonia,Sugar beet,tonnes,7832
North Macedonia,Wheat,tonnes,241106
Norway,Wood residues,m3,854597
Norway,Barley,tonnes,400000
Norway,"Grain, mixed",tonnes,
Norway,Oats,tonnes,146500
Norway,Rye,tonnes,7600
Norway,Triticale,tonnes,943
Norway,Wheat,tonnes,123500
Oman,Barley,tonnes,1661
Oman,Cereals nes,tonnes,1357
Oman,Maize,tonnes,8827
Oman,Sorghum,tonnes,49330
Oman,Sugar cane,tonnes,1190
Oman,Wheat,tonnes,3579
Pakistan,Wood residues,m3,0
Pakistan,Barley,tonnes,55131
Pakistan,Maize,tonnes,6308897
Pakistan,Millet,tonnes,350010
Pakistan,"Rice, paddy",tonnes,10802949
Pakistan,Sorghum,tonnes,148729
Pakistan,Sugar beet,tonnes,296404
Pakistan,Sugar cane,tonnes,67173975
Pakistan,Wheat,tonnes,25076149
Palestine,Barley,tonnes,14961
Palestine,Cereals nes,tonnes,679
Palestine,Sorghum,tonnes,276
Palestine,Sugar beet,tonnes,
Palestine,Wheat,tonnes,34167
Panama,Wood residues,m3,2000
Panama,Maize,tonnes,112446
Panama,"Rice, paddy",tonnes,314946
Panama,Sorghum,tonnes,1859
Panama,Sugar cane,tonnes,2931395
Papua New Guinea,Maize,tonnes,14333
Papua New Guinea,"Rice, paddy",tonnes,850
Papua New Guinea,Sorghum,tonnes,4958
Papua New Guinea,Sugar cane,tonnes,237455
Paraguay,Maize,tonnes,5344650
Paraguay,"Rice, paddy",tonnes,894600
Paraguay,Sorghum,tonnes,107879
Paraguay,Sugar cane,tonnes,6160000
Paraguay,Wheat,tonnes,722400
Peru,Barley,tonnes,207215
Peru,Cereals nes,tonnes,7918
Peru,Maize,tonnes,1569535
Peru,Oats,tonnes,20243
Peru,"Rice, paddy",tonnes,3557900
Peru,Rye,tonnes,89
Peru,Sorghum,tonnes,209
Peru,Sugar cane,tonnes,10336178
Peru,Wheat,tonnes,195088
Philippines,Maize,tonnes,7771919
Philippines,"Rice, paddy",tonnes,19066094
Philippines,Sorghum,tonnes,564
Philippines,Sugar cane,tonnes,24730820
Poland,Wood residues,m3,7400000
Poland,Barley,tonnes,3048273
Poland,Cereals nes,tonnes,7516
Poland,"Grain, mixed",tonnes,2505509
Poland,Maize,tonnes,3864028
Poland,Millet,tonnes,21938
Poland,Oats,tonnes,1166051
Poland,Rye,tonnes,2166884
Poland,Sugar beet,tonnes,14302911
Poland,Triticale,tonnes,4085669
Poland,Wheat,tonnes,9820315
Portugal,Wood residues,m3,913536
Portugal,Barley,tonnes,49584
Portugal,Maize,tonnes,713860
Portugal,Millet,tonnes,
Portugal,Oats,tonnes,55779
Portugal,"Rice, paddy",tonnes,160648
Portugal,Rye,tonnes,16706
Portugal,Sugar beet,tonnes,8506
Portugal,Sugar cane,tonnes,5544
Portugal,Triticale,tonnes,28244
Portugal,Wheat,tonnes,67749
Puerto Rico,Maize,tonnes,102
Puerto Rico,"Rice, paddy",tonnes,186
Puerto Rico,Sugar cane,tonnes,
Qatar,Barley,tonnes,237
Qatar,Cereals nes,tonnes,190
Qatar,Maize,tonnes,1866
Qatar,Wheat,tonnes,15
Republic of Korea,Wood residues,m3,262000
Republic of Korea,Barley,tonnes,102702
Republic of Korea,Cereals nes,tonnes,12907
Republic of Korea,Maize,tonnes,74368
Republic of Korea,Millet,tonnes,1608
Republic of Korea,"Rice, paddy",tonnes,5195437
Republic of Korea,Rye,tonnes,4
Republic of Korea,Sorghum,tonnes,2702
Republic of Korea,Wheat,tonnes,37577
Republic of Moldova,Wood residues,m3,1000
Republic of Moldova,Barley,tonnes,175296
Republic of Moldova,Cereals nes,tonnes,
Republic of Moldova,"Grain, mixed",tonnes,2272
Republic of Moldova,Maize,tonnes,2073775
Republic of Moldova,Millet,tonnes,12
Republic of Moldova,Oats,tonnes,1427
Republic of Moldova,"Rice, paddy",tonnes,
Republic of Moldova,Rye,tonnes,906
Republic of Moldova,Sorghum,tonnes,4616
Republic of Moldova,Sugar beet,tonnes,707137
Republic of Moldova,Wheat,tonnes,1162778
Réunion,Maize,tonnes,13770
Réunion,"Rice, paddy",tonnes,304
Réunion,Sugar cane,tonnes,1789347
Romania,Wood residues,m3,2023931
Romania,Barley,tonnes,1870710
Romania,Cereals nes,tonnes,5486
Romania,Maize,tonnes,18663939
Romania,Millet,tonnes,
Romania,Oats,tonnes,383722
Romania,"Rice, paddy",tonnes,43355
Romania,Rye,tonnes,28636
Romania,Sorghum,tonnes,76309
Romania,Sugar beet,tonnes,978266
Romania,Triticale,tonnes,337451
Romania,Wheat,tonnes,10143671
Russian Federation,Wood residues,m3,8600000
Russian Federation,Barley,tonnes,16991907
Russian Federation,Cereals nes,tonnes,18505
Russian Federation,"Grain, mixed",tonnes,
Russian Federation,Maize,tonnes,11419020
Russian Federation,Millet,tonnes,217200
Russian Federation,Oats,tonnes,4719324
Russian Federation,"Rice, paddy",tonnes,1038222
Russian Federation,Rye,tonnes,1916056
Russian Federation,Sorghum,tonnes,49128
Russian Federation,Sugar beet,tonnes,42065957
Russian Federation,Sugar cane,tonnes,
Russian Federation,Triticale,tonnes,400651
Russian Federation,Wheat,tonnes,72136149
Rwanda,Barley,tonnes,
Rwanda,Maize,tonnes,410280
Rwanda,Millet,tonnes,5116
Rwanda,"Rice, paddy",tonnes,119932
Rwanda,Sorghum,tonnes,159972
Rwanda,Sugar cane,tonnes,116473
Rwanda,Wheat,tonnes,10875
Saint Kitts and Nevis,Sugar cane,tonnes,
Saint Lucia,Maize,tonnes,
Saint Lucia,Sugar cane,tonnes,
Saint Vincent and the Grenadines,Maize,tonnes,1030
Saint Vincent and the Grenadines,"Rice, paddy",tonnes,
Saint Vincent and the Grenadines,Sugar cane,tonnes,17286
Samoa,Sugar cane,tonnes,12
Sao Tome and Principe,Maize,tonnes,941
Saudi Arabia,Barley,tonnes,624702
Saudi Arabia,Maize,tonnes,15394
Saudi Arabia,Millet,tonnes,8320
Saudi Arabia,"Rice, paddy",tonnes,0
Saudi Arabia,Sorghum,tonnes,144038
Saudi Arabia,Wheat,tonnes,586413
Senegal,Cereals nes,tonnes,
Senegal,Fonio,tonnes,2742
Senegal,Maize,tonnes,264105
Senegal,Millet,tonnes,574000
Senegal,"Rice, paddy",tonnes,762776
Senegal,Sorghum,tonnes,143020
Senegal,Sugar cane,tonnes,886195
Serbia,Wood residues,m3,424000
Serbia,Barley,tonnes,410138
Serbia,Cereals nes,tonnes,10986
Serbia,"Grain, mixed",tonnes,13063
Serbia,Maize,tonnes,6964770
Serbia,Millet,tonnes,114
Serbia,Oats,tonnes,74707
Serbia,Rye,tonnes,13418
Serbia,Sorghum,tonnes,7968
Serbia,Sugar beet,tonnes,2325303
Serbia,Triticale,tonnes,113439
Serbia,Wheat,tonnes,2941601
Seychelles,Wood residues,m3,0
Sierra Leone,Cereals nes,tonnes,10726
Sierra Leone,Maize,tonnes,22981
Sierra Leone,Millet,tonnes,44639
Sierra Leone,"Rice, paddy",tonnes,919785
Sierra Leone,Sorghum,tonnes,30823
Sierra Leone,Sugar cane,tonnes,78432
Singapore,Sugar cane,tonnes,
Slovakia,Wood residues,m3,800000
Slovakia,Barley,tonnes,486898
Slovakia,Cereals nes,tonnes,94
Slovakia,"Grain, mixed",tonnes,
Slovakia,Maize,tonnes,1515834
Slovakia,Millet,tonnes,1129
Slovakia,Oats,tonnes,29874
Slovakia,Rye,tonnes,41008
Slovakia,Sorghum,tonnes,1726
Slovakia,Sugar beet,tonnes,1311972
Slovakia,Triticale,tonnes,32620
Slovakia,Wheat,tonnes,1927926
Slovenia,Wood residues,m3,800000
Slovenia,Barley,tonnes,88057
Slovenia,Cereals nes,tonnes,897
Slovenia,"Grain, mixed",tonnes,4283
Slovenia,Maize,tonnes,350489
Slovenia,Millet,tonnes,585
Slovenia,Oats,tonnes,3397
Slovenia,Rye,tonnes,4542
Slovenia,Sorghum,tonnes,
Slovenia,Sugar beet,tonnes,
Slovenia,Triticale,tonnes,23572
Slovenia,Wheat,tonnes,121901
Solomon Islands,"Rice, paddy",tonnes,2737
Somalia,Maize,tonnes,138716
Somalia,"Rice, paddy",tonnes,4766
Somalia,Sorghum,tonnes,129523
Somalia,Sugar cane,tonnes,209291
Somalia,Wheat,tonnes,1033
South Africa,Wood residues,m3,526234
South Africa,Barley,tonnes,421500
South Africa,Cereals nes,tonnes,15897
South Africa,Maize,tonnes,12510000
South Africa,Millet,tonnes,5027
South Africa,Oats,tonnes,31500
South Africa,"Rice, paddy",tonnes,3026
South Africa,Rye,tonnes,1742
South Africa,Sorghum,tonnes,115000
South Africa,Sugar cane,tonnes,19301688
South Africa,Wheat,tonnes,1868000
South Sudan,Maize,tonnes,90000
South Sudan,Millet,tonnes,5000
South Sudan,"Rice, paddy",tonnes,
South Sudan,Sorghum,tonnes,650000
South Sudan,Sugar cane,tonnes,
South Sudan,Wheat,tonnes,
Spain,Wood residues,m3,1775000
Spain,Barley,tonnes,9129535
Spain,Cereals nes,tonnes,14795
Spain,"Grain, mixed",tonnes,25841
Spain,Maize,tonnes,3842519
Spain,Millet,tonnes,1759
Spain,Oats,tonnes,1486948
Spain,"Rice, paddy",tonnes,808167
Spain,Rye,tonnes,388467
Spain,Sorghum,tonnes,25589
Spain,Sugar beet,tonnes,2870907
Spain,Sugar cane,tonnes,1091
Spain,Triticale,tonnes,649011
Spain,Wheat,tonnes,7989906
Sri Lanka,Wood residues,m3,3000
Sri Lanka,Maize,tonnes,270041
Sri Lanka,Millet,tonnes,8060
Sri Lanka,"Rice, paddy",tonnes,3929831
Sri Lanka,Sorghum,tonnes,169
Sri Lanka,Sugar cane,tonnes,644785
Sudan,Wood residues,m3,106000
Sudan,Barley,tonnes,
Sudan,Maize,tonnes,45000
Sudan,Millet,tonnes,2647000
Sudan,"Rice, paddy",tonnes,30000
Sudan,Sorghum,tonnes,4953000
Sudan,Sugar cane,tonnes,5902741
Sudan,Wheat,tonnes,595000
Suriname,Wood residues,m3,40400
Suriname,Maize,tonnes,85
Suriname,"Rice, paddy",tonnes,273916
Suriname,Sugar cane,tonnes,125973
Sweden,Wood residues,m3,9480000
Sweden,Barley,tonnes,1094400
Sweden,"Grain, mixed",tonnes,22200
Sweden,Oats,tonnes,363500
Sweden,Rye,tonnes,88200
Sweden,Sugar beet,tonnes,1698400
Sweden,Triticale,tonnes,66900
Sweden,Wheat,tonnes,1620300
Switzerland,Wood residues,m3,0
Switzerland,Barley,tonnes,182120
Switzerland,Cereals nes,tonnes,87
Switzerland,"Grain, mixed",tonnes,1120
Switzerland,Maize,tonnes,134834
Switzerland,Millet,tonnes,934
Switzerland,Oats,tonnes,8256
Switzerland,Rye,tonnes,10112
Switzerland,Sugar beet,tonnes,1625460
Switzerland,Triticale,tonnes,47342
Switzerland,Wheat,tonnes,497250
Syrian Arab Republic,Barley,tonnes,390000
Syrian Arab Republic,Maize,tonnes,118000
Syrian Arab Republic,Millet,tonnes,3477
Syrian Arab Republic,Oats,tonnes,10
Syrian Arab Republic,"Rice, paddy",tonnes,0
Syrian Arab Republic,Sorghum,tonnes,1726
Syrian Arab Republic,Sugar beet,tonnes,65300
Syrian Arab Republic,Sugar cane,tonnes,1
Syrian Arab Republic,Wheat,tonnes,1200000
Tajikistan,Barley,tonnes,108817
Tajikistan,Maize,tonnes,237355
Tajikistan,Millet,tonnes,78
Tajikistan,Oats,tonnes,2692
Tajikistan,"Rice, paddy",tonnes,90446
Tajikistan,Rye,tonnes,351
Tajikistan,Sorghum,tonnes,115
Tajikistan,Wheat,tonnes,778986
Thailand,Wood residues,m3,6000000
Thailand,Barley,tonnes,28288
Thailand,Cereals nes,tonnes,268453
Thailand,Maize,tonnes,5004125
Thailand,"Rice, paddy",tonnes,32192087
Thailand,Sorghum,tonnes,34157
Thailand,Sugar cane,tonnes,104360867
Thailand,Wheat,tonnes,1351
Timor-Leste,Maize,tonnes,101564
Timor-Leste,"Rice, paddy",tonnes,86647
Togo,Cereals nes,tonnes,3302
Togo,Maize,tonnes,886630
Togo,Millet,tonnes,26082
Togo,"Rice, paddy",tonnes,145489
Togo,Sorghum,tonnes,277240
Trinidad and Tobago,Maize,tonnes,2781
Trinidad and Tobago,"Rice, paddy",tonnes,586
Trinidad and Tobago,Sugar cane,tonnes,
Tunisia,Wood residues,m3,15000
Tunisia,Barley,tonnes,700000
Tunisia,Cereals nes,tonnes,31000
Tunisia,Oats,tonnes,1512
Tunisia,Sorghum,tonnes,1103
Tunisia,Sugar beet,tonnes,76556
Tunisia,Triticale,tonnes,28762
Tunisia,Wheat,tonnes,1500000
Turkey,Wood residues,m3,850000
Turkey,Barley,tonnes,7000000
Turkey,"Grain, mixed",tonnes,0
Turkey,Maize,tonnes,5700000
Turkey,Millet,tonnes,4397
Turkey,Oats,tonnes,260000
Turkey,"Rice, paddy",tonnes,940000
Turkey,Rye,tonnes,320000
Turkey,Sorghum,tonnes,3
Turkey,Sugar beet,tonnes,18900000
Turkey,Triticale,tonnes,170000
Turkey,Wheat,tonnes,20000000
Turkmenistan,Wood residues,m3,0
Turkmenistan,Barley,tonnes,18969
Turkmenistan,"Grain, mixed",tonnes,
Turkmenistan,Maize,tonnes,40000
Turkmenistan,Millet,tonnes,
Turkmenistan,Oats,tonnes,
Turkmenistan,"Rice, paddy",tonnes,130000
Turkmenistan,Rye,tonnes,
Turkmenistan,Sorghum,tonnes,
Turkmenistan,Sugar beet,tonnes,243386
Turkmenistan,Wheat,tonnes,1000000
Uganda,Maize,tonnes,2964017
Uganda,Millet,tonnes,209979
Uganda,"Rice, paddy",tonnes,260786
Uganda,Sorghum,tonnes,298252
Uganda,Sugar cane,tonnes,3976810
Uganda,Wheat,tonnes,23597
Ukraine,Wood residues,m3,815800
Ukraine,Barley,tonnes,7349140
Ukraine,Cereals nes,tonnes,7407
Ukraine,"Grain, mixed",tonnes,6010
Ukraine,Maize,tonnes,35801050
Ukraine,Millet,tonnes,80460
Ukraine,Oats,tonnes,418460
Ukraine,"Rice, paddy",tonnes,69210
Ukraine,Rye,tonnes,393780
Ukraine,Sorghum,tonnes,193980
Ukraine,Sugar beet,tonnes,13967700
Ukraine,Sugar cane,tonnes,
Ukraine,Wheat,tonnes,24652840
United Arab Emirates,Barley,tonnes,114
United Arab Emirates,Maize,tonnes,8942
United Arab Emirates,Sorghum,tonnes,
United Arab Emirates,Wheat,tonnes,
United Kingdom of Great Britain and Northern Ireland,Wood residues,m3,813469
United Kingdom of Great Britain and Northern Ireland,Barley,tonnes,6510000
United Kingdom of Great Britain and Northern Ireland,"Grain, mixed",tonnes,31630
United Kingdom of Great Britain and Northern Ireland,Oats,tonnes,850000
United Kingdom of Great Britain and Northern Ireland,Rye,tonnes,95366
United Kingdom of Great Britain and Northern Ireland,Sugar beet,tonnes,7620000
United Kingdom of Great Britain and Northern Ireland,Triticale,tonnes,42350
United Kingdom of Great Britain and Northern Ireland,Wheat,tonnes,13555000
United Republic of Tanzania,Barley,tonnes,12422
United Republic of Tanzania,Cereals nes,tonnes,30024
United Republic of Tanzania,Maize,tonnes,5986905
United Republic of Tanzania,Millet,tonnes,327467
United Republic of Tanzania,"Rice, paddy",tonnes,3016695
United Republic of Tanzania,Sorghum,tonnes,808541
United Republic of Tanzania,Sugar cane,tonnes,3051792
United Republic of Tanzania,Wheat,tonnes,104870
United States of America,Wood residues,m3,14818026
United States of America,Barley,tonnes,3332970
United States of America,Cereals nes,tonnes,
United States of America,Maize,tonnes,392450840
United States of America,Millet,tonnes,326340
United States of America,Oats,tonnes,814720
United States of America,"Rice, paddy",tonnes,10170040
United States of America,Rye,tonnes,214180
United States of America,Sorghum,tonnes,9271070
United States of America,Sugar beet,tonnes,30068647
United States of America,Sugar cane,tonnes,31335984
United States of America,Wheat,tonnes,51286540
United States Virgin Islands,Sugar cane,tonnes,
Uruguay,Wood residues,m3,2258
Uruguay,Barley,tonnes,637800
Uruguay,Maize,tonnes,816000
Uruguay,Oats,tonnes,52700
Uruguay,"Rice, paddy",tonnes,1360000
Uruguay,Sorghum,tonnes,76000
Uruguay,Sugar beet,tonnes,
Uruguay,Sugar cane,tonnes,350544
Uruguay,Wheat,tonnes,440000
Uzbekistan,Wood residues,m3,0
Uzbekistan,Barley,tonnes,111760
Uzbekistan,Cereals nes,tonnes,5541522
Uzbekistan,Maize,tonnes,413165
Uzbekistan,Millet,tonnes,6289
Uzbekistan,Oats,tonnes,
Uzbekistan,"Rice, paddy",tonnes,221089
Uzbekistan,Rye,tonnes,7078
Uzbekistan,Sorghum,tonnes,7000
Uzbekistan,Sugar beet,tonnes,
Uzbekistan,Wheat,tonnes,5410760
Vanuatu,Maize,tonnes,917
Venezuela (Bolivarian Republic of),Wood residues,m3,123000
Venezuela (Bolivarian Republic of),Maize,tonnes,1318418
Venezuela (Bolivarian Republic of),"Rice, paddy",tonnes,494549
Venezuela (Bolivarian Republic of),Sorghum,tonnes,37546
Venezuela (Bolivarian Republic of),Sugar beet,tonnes,23766
Venezuela (Bolivarian Republic of),Sugar cane,tonnes,4166916
Venezuela (Bolivarian Republic of),Wheat,tonnes,144
Viet Nam,Wood residues,m3,650000
Viet Nam,Maize,tonnes,4874054
Viet Nam,Millet,tonnes,3370
Viet Nam,"Rice, paddy",tonnes,44046250
Viet Nam,Rye,tonnes,
Viet Nam,Sorghum,tonnes,
Viet Nam,Sugar cane,tonnes,17945204
Wallis and Futuna Islands,Sugar cane,tonnes,21
Western Sahara,Barley,tonnes,1857
Yemen,Barley,tonnes,19667
Yemen,Cereals nes,tonnes,
Yemen,Maize,tonnes,42986
Yemen,Millet,tonnes,57836
Yemen,Sorghum,tonnes,252324
Yemen,Sugar cane,tonnes,0
Yemen,Wheat,tonnes,105503
Zambia,Wood residues,m3,67000
Zambia,Barley,tonnes,8767
Zambia,Maize,tonnes,2394907
Zambia,Millet,tonnes,32278
Zambia,"Rice, paddy",tonnes,43063
Zambia,Sorghum,tonnes,13130
Zambia,Sugar cane,tonnes,4460780
Zambia,Wheat,tonnes,114463
Zimbabwe,Barley,tonnes,55854
Zimbabwe,Cereals nes,tonnes,2284
Zimbabwe,Maize,tonnes,730437
Zimbabwe,Millet,tonnes,38473
Zimbabwe,Oats,tonnes,552
Zimbabwe,"Rice, paddy",tonnes,755
Zimbabwe,Sorghum,tonnes,80785
Zimbabwe,Sugar cane,tonnes,3305073
Zimbabwe,Wheat,tonnes,41488
