project_ID,notes,buffer_included,buffer_perc,start_year,Year 1,Year 2,Year 3,Year 4,Year 5,Year 6,Year 7,Year 8,Year 9,Year 10,Year 11,Year 12,Year 13,Year 14,Year 15,Year 16,Year 17,Year 18,Year 19,Year 20,Year 21,Year 22,Year 23,Year 24,Year 25,Year 26,Year 27,Year 28,Year 29,Year 30,Year 31,Year 32,Year 33,Year 34,Year 35,Year 36,Year 37,Year 38,Year 39,Year 40,Year 41,Year 42,Year 43,Year 44,Year 45,Year 46,Year 47,Year 48,Year 49,Year 50,Year 51,Year 52,Year 53,Year 54,Year 55,Year 56,Year 57,Year 58,Year 59,Year 60,Year 61,Year 62,Year 63,Year 64,Year 65,Year 66,Year 67,Year 68,Year 69,Year 70,Year 71,Year 72,Year 73,Year 74,Year 75,Year 76,Year 77,Year 78,Year 79,Year 80,Year 81,Year 82,Year 83,Year 84,Year 85,Year 86,Year 87,Year 88,Year 89,Year 90,Year 91,Year 92,Year 93,Year 94,Year 95,Year 96,Year 97,Year 98,Year 99,Year 100,Year 101,,,,,
VCS142,"Reported in PDD as ""Net anthropogenic GHG removals by sinks"" - Table A.4.6. on page 23. Note that sum of ERs do not quite match overall sum in PDD table, presumably due to rounding.",1,10,2002,39481,46122,44434,76820,64751,109255,137291,120499,159819,229431,80457,396236,527580,685675,529791,665023,357574,382913,227323,300387,-90245,-233399,-295709,-293312,-457039,-267167,262163,290785,253379,21197,-281489,-301237,-154255,1307,-68242,-158156,-165295,-122230,-319643,16904,463385,639707,429419,549205,208169,175935,251481,138753,-333659,-553045,-441706,-766056,-958706,-667246,81807,340627,451422,624448,338583,347018,388878,422824,-132437,-204123,-265666,-238048,-469048,-190073,487543,478073,186004,229559,62172,-296808,-250185,-261326,-514015,-503203,-243663,-162805,-338633,-18991,624939,762144,387226,578481,238211,231200,239473,215847,-108279,-365757,-509081,-557694,-615045,-662816,-14123,-86180,-224107,,,,,,,
VCS514,"Reported in PDD as ""Ex ante baseline net GHG removals by sinks""  - Table 8 on page 39. Values here are differences between years.",,,2008,1816,1857,1898,1938,1978,2017,2055,2093,2130,2167,2203,2239,2274,2309,2343,2377,2411,2444,2476,2508,,,,,,,,,,,,,,,,,,,,,,,,,,,,,,,,,,,,,,,,,,,,,,,,,,,,,,,,,,,,,,,,,,,,,,,,,,,,,,,,,,,,,,
VCS562,No clear annual ERs listed in PDD. There is a table on page 52 titled Baseline Emissions- but unsure whether that can be used to calculate.  Buffer  listed on page 63.  PDD Mentions a spreadsheet is available with actual annual numbers but unable to locate it.,n/a,20,,,,,,,,,,,,,,,,,,,,,,,,,,,,,,,,,,,,,,,,,,,,,,,,,,,,,,,,,,,,,,,,,,,,,,,,,,,,,,,,,,,,,,,,,,,,,,,,,,,,,,,,,,,
VCS576,Reported in PDD as cumulative removals - Table 23 on page 105. Values here are differences between years.,1,30,2002,1772,8262,14582,19167,22383,24392,26903,29875,32208,34332,40564,53987,74021,98525,124908,150107,171610,187871,195934,196214,-7616,188294,160305,131180,165837,78667,47730,103719,129690,-115502,,,,,,,,,,,,,,,,,,,,,,,,,,,,,,,,,,,,,,,,,,,,,,,,,,,,,,,,,,,,,,,,,,,,,,,,,,,,
VCS587,No clear annual ERs listed in PDD. Possible to calculate using tables in Appendix 2 but not easy or obvious.,1,15,2010,,,,,,,,,,,,,,,,,,,,,,,,,,,,,,,,,,,,,,,,,,,,,,,,,,,,,,,,,,,,,,,,,,,,,,,,,,,,,,,,,,,,,,,,,,,,,,,,,,,,,,,,,,
VCS594,"Reported in PDD as Net Project GHG Removals on table 4.4, Page 50.",0,n/a,2004,746,3795,10374,16119,17672,17301,16143,16033,16948,17140,17142,17147,16960,14615,10332,10719,14994,15907,15916,15916,15916,15916,15916,15916,15914,15895,15897,15907,15912,15912,,,,,,,,,,,,,,,,,,,,,,,,,,,,,,,,,,,,,,,,,,,,,,,,,,,,,,,,,,,,,,,,,,,,,,,,,,,,
VCS595,"Reported in PDD as ""Net Project GHG Removals (t CO2e)"" on Table 4.4, Page 50. ",0,n/a,2004,909,3633,7967,12225,14707,15166,15037,15183,15331,15367,15344,15298,14855,13647,13074,13907,14631,14919,14930,14930,14930,14930,14930,14930,14926,14877,14835,14760,14833,14884,,,,,,,,,,,,,,,,,,,,,,,,,,,,,,,,,,,,,,,,,,,,,,,,,,,,,,,,,,,,,,,,,,,,,,,,,,,,
VCS596,"Reported in PDD as ""Net Project GHG Removals (t CO2e)"" on Table 4.4, Page 50. ",0,n/a,2004,375,1938,5638,11163,14877,16172,16362,16235,16373,16455,16427,16424,16307,15591,15013,14689,15469,16095,16125,16125,16125,16125,16125,16125,16106,16008,15953,15960,16003,16086,,,,,,,,,,,,,,,,,,,,,,,,,,,,,,,,,,,,,,,,,,,,,,,,,,,,,,,,,,,,,,,,,,,,,,,,,,,,
VCS597,"Reported in PDD as ""Net Project GHG Removals (t CO2e)"" on Table 4.4, Page 50. ",0,n/a,2004,83,1873,6124,11524,14896,16034,16035,15784,16079,16096,15718,15440,15568,14359,13781,13065,14591,15262,15458,15458,15458,15458,15458,15458,15438,15216,14481,14053,14474,14980,,,,,,,,,,,,,,,,,,,,,,,,,,,,,,,,,,,,,,,,,,,,,,,,,,,,,,,,,,,,,,,,,,,,,,,,,,,,
VCS605,"No clear annual ERs listed in PDD. Buffer Listed on page 18.  May be able to calculate based on Appendix 1,  Need to check with Andy",n/a,10,2009,,,,,,,,,,,,,,,,,,,,,,,,,,,,,,,,,,,,,,,,,,,,,,,,,,,,,,,,,,,,,,,,,,,,,,,,,,,,,,,,,,,,,,,,,,,,,,,,,,,,,,,,,,
VCS607,"Reported in PDD as ""Net Change (Emissions) Reductions (tCO2e). It is to be noted that the years are reported in 1,2,3 etc. instead of in the actual year. Start year is unclear. On table 17, Page 95.   Buffer listed on page 97.",0,10,2008,317823,331727,439461,244640,350526,436976,428733,439273,401630,435754,403159,452612,413921,430528,440911,290837,131601,126403,243925,134467,637340,584004,793296,489210,408244,586941,595896,450799,371619,206087,51151,376773,696866,535755,566518,415474,,,,,,,,,,,,,,,,,,,,,,,,,,,,,,,,,,,,,,,,,,,,,,,,,,,,,,,,,,,,,,,,,,,,,,
VCS612,No clear annual ERs listed in PDD. Buffer listed on page 70.  ,n/a,20,2010,,,,,,,,,,,,,,,,,,,,,,,,,,,,,,,,,,,,,,,,,,,,,,,,,,,,,,,,,,,,,,,,,,,,,,,,,,,,,,,,,,,,,,,,,,,,,,,,,,,,,,,,,,
VCS632,"Only 1 document available, and no clear annual Ers listed in that PDD.",n/a,n/a,,,,,,,,,,,,,,,,,,,,,,,,,,,,,,,,,,,,,,,,,,,,,,,,,,,,,,,,,,,,,,,,,,,,,,,,,,,,,,,,,,,,,,,,,,,,,,,,,,,,,,,,,,,
VCS634,"Reported in PDD as ""Estimated amount of emission reductions over the crediting period including project size"" on Table 1.3 on page 6. ",0,n/a,2007,8803,8201,8201,8201,8201,8201,8201,8201,,,,,,,,,,,,,,,,,,,,,,,,,,,,,,,,,,,,,,,,,,,,,,,,,,,,,,,,,,,,,,,,,,,,,,,,,,,,,,,,,,,,,,,,,,,,,,,,,,
VCS641,"Reported in PDD as ""Estimated GHG emission reductions or removals (tCO2e)"" on Table No. 2, Page number 4.",0,n/a,2012,2054,40235,958,29504,476,471,473,460,17705,52,48,76,97,92,118,122,39984,-471,-441,-398,-369,-330,-310,-286,,,,,,,,,,,,,,,,,,,,,,,,,,,,,,,,,,,,,,,,,,,,,,,,,,,,,,,,,,,,,,,,,,,,,,,,,,,,,,,,,,
VCS642,"Reported in PDD as ""Estimated amount of emission reductions over the crediting period including project size"" on Table 1.3 on page 6. ",0,n/a,2008,9812,10341,10341,10341,10341,10341,10341,10341,,,,,,,,,,,,,,,,,,,,,,,,,,,,,,,,,,,,,,,,,,,,,,,,,,,,,,,,,,,,,,,,,,,,,,,,,,,,,,,,,,,,,,,,,,,,,,,,,,
VCS647,"Reported in PDD as ""Annual avoided emissions 2005 to 2029 in mtCO2e"" under the ""Net Total"" column, on table 2, page 22",1,15,2005,6745,12645,19132,26260,34083,42665,52073,60222,70643,52324,44943,47745,50723,53889,57254,60832,64634,68677,72974,77541,82397,87558,93045,98877,105077,,,,,,,,,,,,,,,,,,,,,,,,,,,,,,,,,,,,,,,,,,,,,,,,,,,,,,,,,,,,,,,,,,,,,,,,,,,,,,,,,
VCS658,Reported in PDD as annual removals - Table 35 on page 81.,1,10,2008,-930,1377,13835,41850,46313,7603,-17922,-23179,-9673,199,7817,14060,17994,22184,-3815,-35869,17552,19574,21651,23777,25947,28154,30396,32666,34960,37276,39608,41954,44310,46673,,,,,,,,,,,,,,,,,,,,,,,,,,,,,,,,,,,,,,,,,,,,,,,,,,,,,,,,,,,,,,,,,,,,,,,,,,,,
VCS665,"Reported in PDD as ""Annual estimation of net anthropogenic GHG removals by sinks in tonnes of CO2 e"" on Table 7, page 46.",0,n/a,2000,9497,12391,15593,16614,16614,16614,16959,16959,16959,16959,16959,16959,16959,16959,16959,16959,16959,18178,17032,17032,22722,15444,16021,15625,14944,14944,15186,14956,14956,14956,14956,14956,14956,14956,14956,14956,14956,14956,14956,,,,,,,,,,,,,,,,,,,,,,,,,,,,,,,,,,,,,,,,,,,,,,,,,,,,,,,,,,,,,,,,,,,
VCS672,"Reported in PDD as ""net GHG emission reductions for the IFM project"" - Table 4.4.1. on page 88. Column stated as Annual delta C IFM.",1,10,2007,810689,11707,11738,14266,38483,36667,42151,48329,95136,110984,123883,138480,150150,110722,111167,112854,113740,117120,122523,122265,122153,120951,119205,116118,112790,140876,180691,220996,261856,301719,,,,,,,,,,,,,,,,,,,,,,,,,,,,,,,,,,,,,,,,,,,,,,,,,,,,,,,,,,,,,,,,,,,,,,,,,,,,
VCS673,"Reported in PDD as ""Annual estimation of cumulative baseline net anthropogenic GHG removals by sinks; in t CO2-e"" on Table 4.2.1 on page 62. ",0,10,1995,164.175,164.175,164.175,164.175,164.175,164.175,164.175,164.175,164.175,164.175,164.175,164.175,164.175,164.175,164.175,164.175,164.175,164.175,164.175,164.175,164.175,164.175,164.175,164.175,164.175,164.175,164.175,164.175,164.175,164.175,164.175,164.175,164.175,164.175,164.175,164.175,164.175,164.175,164.175,164.175,164.175,164.175,164.175,164.175,164.175,164.175,164.175,164.175,164.175,164.175,164.175,164.175,164.175,164.175,164.175,164.175,164.175,164.175,164.175,164.175,164.175,164.175,164.175,164.175,164.175,164.175,164.175,164.175,164.175,164.175,164.175,164.175,164.175,,,,,,,,,,,,,,,,,,,,,,,,,,,,,,,,,
VCS674,"Reported in PDD as ""Total Gross Cumulative Co2e emissions (tCO2e) on Table 23 on page 108. It is to be noted that the years are reported in 1, 2, 3, etc. instead of the actual year. The actual years are unclear. ",0,20,1,2462212,3654181,3592610,4124970,5362570,5038330,4279896,4138969,4026336,3980329,3986446,4028250,4091860,4166790,4245653,4323539,4397397,4465502,4527047,4581832,4630041,4672082,4708486,4739829,4766691,4789628,4809154,4825734,4839784,4851670,,,,,,,,,,,,,,,,,,,,,,,,,,,,,,,,,,,,,,,,,,,,,,,,,,,,,,,,,,,,,,,,,,,,,,,,,,,,
VCS687,"Reported in PDD as ""C ARR discounting buffer"" - Table 20 on page 75.",1,10,2008,0,4.53,174.7,1837.31,7783.6,18346.37,29601.65,39476.14,46080.4,49965.71,51787.12,52141.66,50237.65,50139.94,48426.92,46489.6,44484.44,42383.58,40347.69,38369.14,36461.65,34654.25,32940.78,31327,29759.35,28349.38,26958.09,25668.99,24514.99,23406.31,,,,,,,,,,,,,,,,,,,,,,,,,,,,,,,,,,,,,,,,,,,,,,,,,,,,,,,,,,,,,,,,,,,,,,,,,,,,
VCS689,"Reported in PDD as ""Esimation of net anthropofenic GHG removals by sinks (tonnes of CO2e)"" on Table 1, page 4. Adjacent to this column is Cumulative net anthropogenic GHG removals by sinks (tonnes of CO2e). The years are also listed in ranges, e.g. 2002-03. ",0,n/a,2003,7519,5424,6471,15016,10914,11141,5222,10580,10580,-36581,10949,8854,3499,15016,10914,11141,5222,10580,10580,-36581,10949,8854,3499,15016,10914,11141,5222,10580,10580,-36581,10949,8854,3499,15016,10914,11141,5222,10580,10580,-36581,10949,8854,3499,15016,10914,11141,5222,10580,10580,-36581,10949,8854,3499,15016,10914,11141,5222,10580,10580,-36581,,,,,,,,,,,,,,,,,,,,,,,,,,,,,,,,,,,,,,,,,,,,,,
VCS720,No clear annual Ers listed in PDD ,n/a,n/a,,,,,,,,,,,,,,,,,,,,,,,,,,,,,,,,,,,,,,,,,,,,,,,,,,,,,,,,,,,,,,,,,,,,,,,,,,,,,,,,,,,,,,,,,,,,,,,,,,,,,,,,,,,
VCS721,No clear annual Ers listed in PDD ,n/a,n/a,,,,,,,,,,,,,,,,,,,,,,,,,,,,,,,,,,,,,,,,,,,,,,,,,,,,,,,,,,,,,,,,,,,,,,,,,,,,,,,,,,,,,,,,,,,,,,,,,,,,,,,,,,,
VCS737,"Reported in PDD as ""Estimated GHG emission reductions or removals (tCO2e)"" on Table No. 1.7 on page 5. ",0,n/a,2004,1471,8191,27019,58722,82446,95568,100575,"99,322",100630,101201,100716,99730,99222,96260,90914,84524,91687,96485,97823,98223,98223,98223,98223,98223,98161,97398,96085,94316,94983,96253,,,,,,,,,,,,,,,,,,,,,,,,,,,,,,,,,,,,,,,,,,,,,,,,,,,,,,,,,,,,,,,,,,,,,,,,,,,,
VCS738,"No clear annual Ers listed in PDD. There is a table on page 56 titled ""Ex ante GHG removals in the project area during the 30-year crediting period"" that has a column called ""Cuumulative tCO2e removed by the project activities for all strata"" Unclear whether these are the values that can be reported. It does not include leakage or buffers",0,20,2010,8130.21,2251.09,3561.36,4402.92,4354.49,4306.59,4932.7,"4,878",4824.78,4771.71,4719.22,7491.99,7409.58,7328.08,7247.47,7167.74,8576.67,8482.33,8389.02,8296.74,8205.48,8115.22,8025.95,7937.67,7850.35,7764,7678.59,7594.13,7510.59,7427.98,7346.27,7265.46,,,,,,,,,,,,,,,,,,,,,,,,,,,,,,,,,,,,,,,,,,,,,,,,,,,,,,,,,,,,,,,,,,,,,,,,,,
VCS774,"Reported in PDD as ""Ex Ante estimate of net emission reductions for the length of the crediting period.",0,15,2000,1450,40122,52737,59983,66887,77017,89690,"103,022",114925,125939,136636,144999,153485,161962,170070,177358,181616,185717,189659,193082,195189,185755,179041,175263,172876,170119,167043,163543,159696,155455,150772,146134,141000,135421,129509,123396,117473,111311,104943,98462,91921,84209,76946,70175,63744,57508,52303,46976,41524,36069,30730,25088,19749,14721,9948,5351,584,-3881,-8040,-11954,,,,,,,,,,,,,,,,,,,,,,,,,,,,,,,,,,,,,,,,,,,,,,
VCS796,"Reported in PDD as ""Estimated GHG emission reductions or removals (tCO2e)"" on table 1.7 on page 7. ",0,n/a,2009,528,2448,12132,26674,51221,75324,74171,"70,813",71325,64437,60172,61259,58107,62664,67695,66589,64261,55720,43003,24032,8875,8938,8823,8690,8515,8299,8039,7747,7535,7234,6984,6866,6614,6411,5931,5731,5356,5265,5808,5536,,,,,,,,,,,,,,,,,,,,,,,,,,,,,,,,,,,,,,,,,,,,,,,,,,,,,,,,,,,,,,,,,,
VCS799,"Reported in PDD as ""Estimated GHG emission reductions or removals (tCO2e)"" on Page 7. Years listed in 1,2,3,4 etc. instead of actual years. ",0,29,2004,28,285,1203,2980,5911,11918,22596,"35,651",37650,46190,48666,63464,41896,37000,-5016,-7174,-2618,49453,50085,47587,16771,13001,-37708,-26329,-151994,-116929,-104710,-16153,37219,45843,48423,63330,41905,36953,-4979,-7146,-2604,49462,50176,47678,16862,13092,,,,,,,,,,,,,,,,,,,,,,,,,,,,,,,,,,,,,,,,,,,,,,,,,,,,,,,,,,,,,,,,
VCS812,"Reported in PDD as ""Estimated GHG emission reductions or removals (tCO2e)"" on Table 1 on page 4. ",0,n/a,2009,169011,169562,1104,1104,1104,1104,1104,"1,104",1104,1104,1104,1104,1104,1104,1104,1104,1104,1104,1104,1104,1104,1104,1104,1104,1104,1104,1104,1104,1104,1104,,,,,,,,,,,,,,,,,,,,,,,,,,,,,,,,,,,,,,,,,,,,,,,,,,,,,,,,,,,,,,,,,,,,,,,,,,,,
VCS818,"Reported in PDD as ""Estimated net GHG emission reductions or removals (tCO2e)"" on page 33.",0,n/a,2011,71102,3515,3515,3515,3515,3515,3515,"3,515",3515,3515,3515,3515,3515,3515,3515,3515,3515,3515,3515,3515,3515,3515,3515,3515,3515,3515,3515,3515,3515,3515,3515,,,,,,,,,,,,,,,,,,,,,,,,,,,,,,,,,,,,,,,,,,,,,,,,,,,,,,,,,,,,,,,,,,,,,,,,,,,
VCS824,"Reported in PDD as ""Estimated GHG emission reductions or removals (tCO2e)"" on table 1.7 on page 5. ",0,n/a,2003,1245,3624,7258,12208,18489,24554,30289,"31,994",31337,30862,29181,29101,26827,25244,26880,28197,25815,27614,27614,28588,29223,29223,29223,28567,28574,27064,24102,24005,21483,22004,,,,,,,,,,,,,,,,,,,,,,,,,,,,,,,,,,,,,,,,,,,,,,,,,,,,,,,,,,,,,,,,,,,,,,,,,,,,
VCS825,"Reported in PDD as ""Estimated GHG emission reductions or removals (tCO2e)"" table 1.7 on page 5.",0,n/a,2003,434,1453,2227,2969,4525,5365,6350,"6,123",5262,5881,5351,5657,5483,5194,5704,5769,4468,5521,5547,5690,5707,5707,5707,5151,4192,5066,4129,4742,4465,4178,,,,,,,,,,,,,,,,,,,,,,,,,,,,,,,,,,,,,,,,,,,,,,,,,,,,,,,,,,,,,,,,,,,,,,,,,,,,
VCS826,"Reported in PDD as ""Estimated GHG emission reductions or removals (tCO2e)"" table 1.7 on page 5.",0,n/a,2004,850,2486,2628,3083,3578,3774,3835,"3,431",2648,3530,3277,3230,2962,3190,3464,3464,3265,3449,3449,3449,3449,3449,3449,2669,1322,3119,2648,2614,2992,,,,,,,,,,,,,,,,,,,,,,,,,,,,,,,,,,,,,,,,,,,,,,,,,,,,,,,,,,,,,,,,,,,,,,,,,,,,,
VCS827,"Reported in PDD as ""Estimated GHG emission reductions or removals  (tCO2e)"" on table 1.7 on page 5",0,n/a,2003,316,1633,6575,10833,13756,15731,16361,"16,984",16422,14467,14069,14663,14309,14398,13387,14703,14679,15275,15455,15456,15459,15459,15459,15457,14440,10512,10080,11650,12043,13326,,,,,,,,,,,,,,,,,,,,,,,,,,,,,,,,,,,,,,,,,,,,,,,,,,,,,,,,,,,,,,,,,,,,,,,,,,,,
VCS829,"Reported in PDD as ""Estimated GHG emission recutions or removals .(tCO2e)"" on table 1.7 on page 8.  It is to be noted that the years are reported in 1, 2, 3, etc. instead of the actual year. The actual years are unclear. There is another table on page 42 with a similar title but different values. ",0,n/a,2007,2,2,7,35,41,17,5,4,2,2,2,2,2,2,2,2,2,2,2,2,0,0,0,0,0,0,0,0,0,-98,0,0,5,33,39,16,3,2,0,0,,,,,,,,,,,,,,,,,,,,,,,,,,,,,,,,,,,,,,,,,,,,,,,,,,,,,,,,,,,,,,,,,,
VCS832,"Reported in PDD as ""Estimated GHG emission Reductions or removals (tCO2e)"" on Table 1.3 on page 9. There is a similar table listed on page 70 with different values.",0,15.5,2008,1179688,1083663,976863,335621,407306,370369,960160,397492,996944,746031,,,,,,,,,,,,,,,,,,,,,,,,,,,,,,,,,,,,,,,,,,,,,,,,,,,,,,,,,,,,,,,,,,,,,,,,,,,,,,,,,,,,,,,,,,,,,,,,
VCS838,"Reported in PDD as ""Ex Ante estimate of net emission reductions for the entire project area (tCO2)"" on table 4.3 on page 77. ",1,10,2008,783,408,502,607,721,983,1109,1238,1367,1493,1573,1691,1800,1900,1992,2006,2077,2134,2180,2216,2207,2221,2224,2218,2204,2159,2130,2293,1850,2003,1961,1906,1846,1785,1721,1667,1601,1533,1467,1399,1300,1234,1169,1105,1041,1002,942,884,826,772,707,655,606,558,512,456,414,373,334,297,282,248,215,184,153,104,77,51,26,3,,,,,,,,,,,,,,,,,,,,,,,,,,,,,,,,,,,,
VCS839,"Reported in PDD ""Estimate of cumulative net emission reductions minus 10% risk buffer (tCO2-e)"" on Table 4.3 on page 78. ",1,10,2009,0,0,0,0,0,0,0,0,0,0,0,0,0,0,0,0,0,0,7853,0,0,0,0,0,0,0,0,0,0,0,0,0,0,11652,0,0,0,0,0,0,0,0,0,0,0,0,0,0,8194,0,0,0,0,0,0,0,0,0,0,0,0,0,0,6338,,,,,,,,,,,,,,,,,,,,,,,,,,,,,,,,,,,,,,,,,,
VCS844,"Reported in PDD as ""Estimated GHG emission reductions or removals (tCO2e)"" on Chart 1 on page 43.",0,10,2009,1074971,1223781,1231942,1092479,1108522,1025975,966446,948841,953257,976940,941033,930947,926815,892055,847065,803437,747964,628856,549494,497922,437588,468368,430459,411843,413912,402641,403238,399346,387738,339366,341506,316044,339176,361427,310258,322973,311941,305469,,,,,,,,,,,,,,,,,,,,,,,,,,,,,,,,,,,,,,,,,,,,,,,,,,,,,,,,,,,,,,,,,,,,
VCS845,"Reported in PDD as ""Annual estimation of emission reductions in tonnes of CO2e"" on Table A3 on page 12. ",0,n/a,2010,42713,46678,46678,46678,46678,46678,46678,3965,,,,,,,,,,,,,,,,,,,,,,,,,,,,,,,,,,,,,,,,,,,,,,,,,,,,,,,,,,,,,,,,,,,,,,,,,,,,,,,,,,,,,,,,,,,,,,,,,,
VCS846,"Reported in PDD as ""Annual estimation of emission reductions in tonnes of CO2e"" on Table A3 on page 12. ",0,n/a,2010,37887,50516,53197,53197,53197,53197,53197,13189,,,,,,,,,,,,,,,,,,,,,,,,,,,,,,,,,,,,,,,,,,,,,,,,,,,,,,,,,,,,,,,,,,,,,,,,,,,,,,,,,,,,,,,,,,,,,,,,,,
VCS847,"Reported in PDD as ""Annual estimation of emission reductions in tonnes of CO2e"" on Table A3 on page 12. ",0,n/a,2009,30011,45017,45017,45017,45017,45017,45017,15006,,,,,,,,,,,,,,,,,,,,,,,,,,,,,,,,,,,,,,,,,,,,,,,,,,,,,,,,,,,,,,,,,,,,,,,,,,,,,,,,,,,,,,,,,,,,,,,,,,
VCS852,"Reported in PDD ""Total VCS Eligible Cumulative GHG Emission Reductions tCO2-e"" on Table 9 on page 38. ",0,10,1996,282682,282683,282682,282682,282682,282683,282682,282682,282682,282683,390777,390777,322985,0,0,0,0,0,0,0,,,,,,,,,,,,,,,,,,,,,,,,,,,,,,,,,,,,,,,,,,,,,,,,,,,,,,,,,,,,,,,,,,,,,,,,,,,,,,,,,,,,,,
VCS856,"Reported in PDD as ""Estimated GHG emission reductions or removals (tCO2e)"" on tabl 1.7 on page 15. ",0,n/a,2010,11777,57313,59927,64392,67257,74589,79520,82116,87290,87814,98835,100865,99808,101101,103708,115151,114919,98839,85847,87147,90034,87198,81626,76110,69881,86566,80649,61595,59069,66270,71852,,,,,,,,,,,,,,,,,,,,,,,,,,,,,,,,,,,,,,,,,,,,,,,,,,,,,,,,,,,,,,,,,,,,,,,,,,,
VCS868,"Reported in PDD as ""Estimated GHG emissions reductions and removals (tCO2-e)"" on table 3 on page 12. ",0,20,2010,2222049,2222670,2184278,2344471,2261405,2305004,2170089,2075694,2163232,1976375,1937203,1934450,2046513,1964013,2076329,2063281,2078474,2084112,2131214,1968690,2076265,2107481,2108958,2071472,2045776,2234499,1992777,2073294,1948177,1940581,1860136,,,,,,,,,,,,,,,,,,,,,,,,,,,,,,,,,,,,,,,,,,,,,,,,,,,,,,,,,,,,,,,,,,,,,,,,,,,
VCS872,"Reported in PDD as ""Calculated Annual VCUs for the Afognak Project"" on Table 14 on page 92. ",1,13,2006,84323,84323,84323,84323,92346,97697,97697,97697,97697,113747,20443,20443,20443,20443,35931,14813,14813,14813,14813,29315,9733,9733,9733,9733,22937,0,0,0,0,11224,,,,,,,,,,,,,,,,,,,,,,,,,,,,,,,,,,,,,,,,,,,,,,,,,,,,,,,,,,,,,,,,,,,,,,,,,,,,
VCS875,"Reported in PDD as ""Estimated GHG emission reductions or removals (tCO2e)"" on table 1.7 on page 18.",0,13.5,2009,677971,994628,981512,967543,986304,986642,986642,986642,987421.4,987421.4,987590,987590,987590,987590,987590,987590,1005366,1025142,1025908,1025908,1026077,1026077,1026077,1026077,1026077,1026077,1026077,1026077,1026077,1026077,,,,,,,,,,,,,,,,,,,,,,,,,,,,,,,,,,,,,,,,,,,,,,,,,,,,,,,,,,,,,,,,,,,,,,,,,,,,
VCS878,"Reported in PDD (Project Description) as ""Estimated GHG emission reductions or removals (tCO2e)"" on table 1.7 on page 11. ",0,n/a,2008,41312,45146,45146,45146,45146,45146,45146,3834,,,,,,,,,,,,,,,,,,,,,,,,,,,,,,,,,,,,,,,,,,,,,,,,,,,,,,,,,,,,,,,,,,,,,,,,,,,,,,,,,,,,,,,,,,,,,,,,,,
VCS886,"Reported in Validation Report as ""Total Estimated Emissions Reductions"" on table 3.1.4 on page 8. It is to be noted that the table does not report the units in which the emissions are recorded.",n/a,20,2010,0.03,0.3,1,3,6,12,20,32,48,68,95,128,169,219,278,347,429,524,632,756,897,1055,1233,1432,1652,1896,2165,2460,2784,3137,3521,3938,4390,4878,5404,5970,6577,7228,7924,8667,9460,10303,11200,12152,13161,14229,15359,16552,19137,20534,22003,23547,25168,26868,28649,30515,32467,34507,36640,38866,41188,43609,46132,48759,51493,54336,57291,60361,63548,66735,69923,73110,76297,79485,82672,85859,89047,92234,95421,,,,,,,,,,,,,,,,,,,,,,,,,,,
VCS888,"Reported in PDD as ""Estimation of annual emission reductions in tonnes of CO2 e"" on table A.4.3 on page 8.",0,n/a,2009,10767,10767,10767,10767,10767,10767,10767,10767,10767,10767,,,,,,,,,,,,,,,,,,,,,,,,,,,,,,,,,,,,,,,,,,,,,,,,,,,,,,,,,,,,,,,,,,,,,,,,,,,,,,,,,,,,,,,,,,,,,,,,
VCS889,"Reported in PDD as ""Annual estimation of emission reductions in tonnes of CO2e"" on Table A3 on page 13. ",0,n/a,2009,29024,43535,43535,43535,43535,43535,43535,14511,,,,,,,,,,,,,,,,,,,,,,,,,,,,,,,,,,,,,,,,,,,,,,,,,,,,,,,,,,,,,,,,,,,,,,,,,,,,,,,,,,,,,,,,,,,,,,,,,,
VCS898,"Reported in PDD as ""Estimated GHG emission reductions or removals (tCO2e)"" on table 2 on page 4. ",n/a,n/a,2010,52089,52089,52089,52089,52089,52089,52089,52089,52089,52089,,,,,,,,,,,,,,,,,,,,,,,,,,,,,,,,,,,,,,,,,,,,,,,,,,,,,,,,,,,,,,,,,,,,,,,,,,,,,,,,,,,,,,,,,,,,,,,,
VCS899,"Reported in PDD as ""Annual estimation of emission reductions in tonnes of CO2e"" on Section 1.7 on page 5. ",0,n/a,2004,1391,10395,37296,88946,154360,208902,251629,275473,278546,279936,279904,278326,276688,273581,264602,256831,255100,264699,270674,272675,274348,274348,274348,274348,274302,273648,271520,268219,266087,267136,,,,,,,,,,,,,,,,,,,,,,,,,,,,,,,,,,,,,,,,,,,,,,,,,,,,,,,,,,,,,,,,,,,,,,,,,,,,
VCS902,"Reported in PDD as ""Estimated GHG emission reductions or removals (tCO2e)"" on table 1 on page 7. ",0,16.5,2012,6896913,7030303,7187083,7365343,7414472,7431841,7423208,7393285,7345932,7284309,7211002,7128129,7037423,6940306,6837939,6731274,6621089,6508024,6392599,6275243,6156306,6036074,5914783,5792623,5669753,5546302,5422374,5298056,5173419,5048521,,,,,,,,,,,,,,,,,,,,,,,,,,,,,,,,,,,,,,,,,,,,,,,,,,,,,,,,,,,,,,,,,,,,,,,,,,,,
VCS904,"Reported in PDD as ""Estimated GHG Emission Reductions tCO2e"" on table 2 on page 10. ",0,19.75,2008,34844,68209,99627,134965,166655,187670,226106,259594,268316,273250,286316,306805,340920,369155,390825,391063,365856,363430,347786,343892,307173,294201,295645,283587,308188,328596,316648,300142,285509,242896,,,,,,,,,,,,,,,,,,,,,,,,,,,,,,,,,,,,,,,,,,,,,,,,,,,,,,,,,,,,,,,,,,,,,,,,,,,,
VCS919,"Reported in PDD as ""Annual Estimates of net emission reductions (tCO2)",0,10,2012,574,367,415,469,528,666,730,795,859,923,960,1017,1070,1118,1160,1161,1191,1215,1232,1244,1081,1082,1077,1067,1052,1022,999,973,943,911,882,846,,,,,,,,,,,,,,,,,,,,,,,,,,,,,,,,,,,,,,,,,,,,,,,,,,,,,,,,,,,,,,,,,,,,,,,,,,
VCS920,No Documents available ,n/a,n/a,,,,,,,,,,,,,,,,,,,,,,,,,,,,,,,,,,,,,,,,,,,,,,,,,,,,,,,,,,,,,,,,,,,,,,,,,,,,,,,,,,,,,,,,,,,,,,,,,,,,,,,,,,,
VCS922,"Reported in PDD as ""Estimated GHG emission reductions or removals (tCO2e)"" on table 1 on page 5. ",0,n/a,2006,4070,7084,7277,8731,11725,11725,11725,11725,11725,11725,11725,11725,11725,11725,-25186,-16981,9104,-23174,-36445,11725,11436,11226,11226,11155,11021,11021,11021,11021,-25891,-17685,8400,-23878,-37150,,,,,,,,,,,,,,,,,,,,,,,,,,,,,,,,,,,,,,,,,,,,,,,,,,,,,,,,,,,,,,,,,,,,,,,,,
VCS934,"Reported in PDD as ""Estimated GHG emission reductions or removals (tCO2e)"" on table 2 on page 10. ",0,n/a,2011,1252975,1655859,2205056,2749672,3408489,4289009,4851662,5712250,6532650,7505356,8782906,8700475,9141433,9326618,9817918,10890571,8820771,8456963,7784827,7831048,8592010,5306607,5316325,5107408,4400021,4999380,2646989,2475530,2309641,3307692,1640991,,,,,,,,,,,,,,,,,,,,,,,,,,,,,,,,,,,,,,,,,,,,,,,,,,,,,,,,,,,,,,,,,,,,,,,,,,,
VCS944,"Reported in PDD as ""Estimated GHG emission reductions or removals (tCO2e)"" on table 1.7 on page 13.",0,10,2009,474136,453796,425688,468496,467040,477566,502990,555762,634553,691138,,,,,,,,,,,,,,,,,,,,,,,,,,,,,,,,,,,,,,,,,,,,,,,,,,,,,,,,,,,,,,,,,,,,,,,,,,,,,,,,,,,,,,,,,,,,,,,,
VCS953,"Reported in PDD  as ""Estimated GHG emission reductions or removals (tCO2e)*"" on table 1.7 on page 7. ",0,10,2011,7601,11706,12048,12391,12734,13077,13419,13762,14105,14448,14448,14448,14448,14448,4638,2789,2446,2103,1761,1418,,,,,,,,,,,,,,,,,,,,,,,,,,,,,,,,,,,,,,,,,,,,,,,,,,,,,,,,,,,,,,,,,,,,,,,,,,,,,,,,,,,,,,
VCS956,"Reported in PDD as ""Estimation of annual emission reductions in tonnes of CO2 e"" on table A.4.3 on page 9.",0,n/a,2009,11337,12342,12342,12342,12342,12342,12342,12342,12342,12342,,,,,,,,,,,,,,,,,,,,,,,,,,,,,,,,,,,,,,,,,,,,,,,,,,,,,,,,,,,,,,,,,,,,,,,,,,,,,,,,,,,,,,,,,,,,,,,,
VCS958,"Reported in PDD as ""Estimated GHG emission reductions or removals (tCO2e)"" on table 1 on page 10. ",0,10,2011,11714,26614,39844,51983,70330,77170,86138,88243,88732,90169,103249,114548,126402,140426,153229,157362,178834,187657,205421,216184,235543,243961,246730,267597,271037,287790,297985,302086,319533,315741,329606,346292,360270,374976,366119,393377,395075,388806,426108,405990,,,,,,,,,,,,,,,,,,,,,,,,,,,,,,,,,,,,,,,,,,,,,,,,,,,,,,,,,,,,,,,,,,
VCS959,"Reported in PDD as ""Estimated GHG emission reductions or removals (tCO2e)"" ",0,n/a,2006,3128,20498,80697,414306,573861,691379,783242,937138,493100,506262,541448,853148,718617,156611,156788,407551,877639,651238,-152042,-56544,170339,754367,577165,179156,-3165964,-2620334,-1740208,705873,346848,1105860,553019,568561,613422,1000940,833370,134441,133228,447794,1031617,749514,-249940,-132639,156655,902981,700815,218898,-3944142,-3266852,-2160043,879377,431358,1377266,688657,707176,764097,1246131,1037381,167749,164804,558911,1284529,932988,-311043,-166562,196643,1124484,872488,271915,-4918053,-4203111,,,,,,,,,,,,,,,,,,,,,,,,,,,,,,,,,,,,
VCS960,"Reported in PDD as ""Estimated GHG emission reductions or removals (tCO2e)"" on table 1 on page 5. numbers don’t match *checked twice",0,n/a,2006,37277,212894,486207,668227,810604,902422,847996,785569,772363,634177,148829,-57589,105812,-84348,434356,539668,238554,-1017346,-1245241,-685268,-1049216,126156,431572,580272,725770,658064,699780,176765,10503,172641,-31333,456810,198399,-1027044,-1324600,-687013,-1181716,130151,526381,731944,707366,785912,539135,-72278,-200040,148321,-106027,505384,323188,-900783,-1209502,-642734,-1076447,165800,515431,647218,708952,645013,546670,40838,-42543,108929,-21496,351832,42513,-1145467,-1248999,-690562,-964668,277073,699250,767607,757844,760346,581965,24364,-135735,103229,-168532,348679,156326,-953569,-1276999,-634350,-1186886,14313,402915,679206,608904,775714,664072,161165,1983,175395,-20970,436245,197196,-990208,-1244660,-740027,,,,,,
VCS961,"Reported in PDD ""Estimated GHG emission reductions or removals (tCO2e)"" on table 1 on page 5. numbers don’t match *checked twice",0,n/a,2010,6143,148368,301543,165180,106240,182185,155976,127632,107656,-90263,-164852,117944,120434,132874,133425,131309,144999,214937,268343,273645,293241,244096,226488,259686,158877,-1354106,-1979477,233091,152601,93661,169606,143397,115053,95077,-102842,-177431,105365,107855,120295,120846,118730,132420,202358,255764,445921,553299,250513,226069,259229,-25413,-1620910,-1974555,233091,152601,93661,169606,143397,115053,95077,-102842,-177431,105365,107855,120295,120846,118730,318114,471104,262179,260405,285076,243397,226069,259229,-25413,-1620910,-1974555,233097,152601,93661,169606,143397,115053,95077,-102842,-177431,105365,107855,120295,120846,118730,132420,202358,255764,261066,285719,243902,226488,259686,158877,-1354106,-1967477,233091,,,
VCS962,"Reported in PDD ""Estimated GHG emission reductions or removals (tCO2e)"" on table 1 on page 5. numbers don’t match *checked twice",0,n/a,2008,4704,123237,456168,442301,448269,610309,499857,457284,433256,242845,-149955,159856,43040,162620,335900,382134,419508,506319,623990,696291,805059,839694,758695,863849,658842,-519721,-3416168,-943067,-1844098,-1283450,105106,262854,417683,393656,203244,-189555,120256,3440,123019,296300,342534,379908,466719,584389,798235,1264035,1021272,1042981,1073526,574921,-989009,-3620453,-1243768,-2062609,-1343675,80098,262854,417683,292656,203244,-189555,120256,3440,123019,296300,342534,522094,963631,788831,958453,987930,876340,765698,853793,514353,-1014149,-3620453,-1243768,-2062609,-1343675,80098,262854,417683,393656,203244,-189555,120256,3440,123019,296300,342534,379908,466719,584389,656690,769331,817505,742103,855510,656501,-520408,-3416168,-943067,-1844098,-1283450,105106
VCS963,"Reported in PDD as ""Estimated GHG emission reductions (tCO2e)"" on table 1.7 on page 9. ",0,10,2011,57243,69273,65490,81057,112394,94195,100320,88949,112025,117733,,,,,,,,,,,,,,,,,,,,,,,,,,,,,,,,,,,,,,,,,,,,,,,,,,,,,,,,,,,,,,,,,,,,,,,,,,,,,,,,,,,,,,,,,,,,,,,,
VCS965,"Reported in PDD as ""Estimated GHG emission reductions or removals (tCO2e)"" on table 1 on page 5.  numbers don’t match *checked twice",0,n/a,2007,190,2585,6090,42108,36873,41353,61410,65886,70731,64126,67644,-168365,47195,57462,-24557,23978,44846,53540,75935,65118,63378,-190695,49603,68572,-53761,25618,47786,43282,47552,43764,53521,24447,-560465,59114,61024,-176729,22423,68330,73655,66400,72265,-164337,47529,59028,-21590,23911,45147,54708,79301,67437,67710,-186334,53157,73976,-49967,29803,52413,47481,52171,48020,58732,22885,-664131,60640,63395,-216710,14974,68330,73655,66400,72265,-164337,47529,59028,-21590,23911,45147,54708,79301,67437,67710,-186334,53157,73976,-49967,29803,52413,47481,52171,48020,58732,22885,-664131,60640,63395,-216710,14974,68330,73655,66400,,,,,,
VCS977,"Reported in PDD as ""Ex Ante estimated net anthropogenic GHG emission reductions or removals (tCO2e)"" on table 65 on page 156.  ",1,13.5,2009,369828,508205,587878,572931,538552,469351,484563,439778,417913,392984,370637,366268,346647,313586,329874,330550,322778,320435,318566,322125,337476,332664,396195,417799,416320,451695,454769,471828,558804,630761,646248,756492,724760,607987,640147,640626,644357,646226,652887,643045,,,,,,,,,,,,,,,,,,,,,,,,,,,,,,,,,,,,,,,,,,,,,,,,,,,,,,,,,,,,,,,,,,
VCS981,"Reported on Table 65 on page 156, ex ante VCUs tradeable used",1,15.3,2009,213899,273651,265126,239116,208239,175293,168234,169712,149797,135043,116580,94204,104799,92862,86098,82250,87862,84414,111736,153144,171693,207020,241061,283642,297442,329699,368039,414364,417750,413843,405487,391231,359914,302939,288305,280677,246557,246794,247471,236601,,,,,,,,,,,,,,,,,,,,,,,,,,,,,,,,,,,,,,,,,,,,,,,,,,,,,,,,,,,,,,,,,,
VCS985,"Reported in PDD in ""Estimated net GHG emissionreductions or removals (tCO2e)"" on table 3.35 on page 133. ",1,10,2009,997497,1066047,726995,876887,1109247,1473343,1846955,2215939,2524164,2915610,,,,,,,,,,,,,,,,,,,,,,,,,,,,,,,,,,,,,,,,,,,,,,,,,,,,,,,,,,,,,,,,,,,,,,,,,,,,,,,,,,,,,,,,,,,,,,,,
VCS987,"Reported in PDD as ""Estimated GHG emission reduction or removals (tCO2e)"" on table 1 on page 7.",0,n/a,2011,1457,7791,15772,27103,41929,53878,63203,71785,73309,62719,46782,29896,3848,3615,3412,3234,3077,2936,2810,2695,2481,2313,2022,1943,1869,1801,1737,1678,1623,1572,1523,1478,1435,1395,1357,1321,1286,1254,,,,,,,,,,,,,,,,,,,,,,,,,,,,,,,,,,,,,,,,,,,,,,,,,,,,,,,,,,,,,,,,,,,,
VCS993,"Reported in PDD as ""Estimated GHG emission reductions or removals (tCO2e)"" on table 1.7 on page 5. ",0,n/a,2003,44,640,1947,5061,9946,13860,19104,24364,26636,26228,24523,23049,23834,21769,21206,22846,24105,23744,23979,23743,24355,24393,24393,24370,24095,23467,20192,17840,19629,16886,,,,,,,,,,,,,,,,,,,,,,,,,,,,,,,,,,,,,,,,,,,,,,,,,,,,,,,,,,,,,,,,,,,,,,,,,,,,
VCS994,"Reported in PDD as ""Estimated GHG emission reductions or removals (tCO2e)""  on table 1.7 on page 5. ",0,n/a,2005,58,360,2341,4927,8734,11538,13185,13174,13193,13195,13195,13195,13195,13195,13195,13195,13195,13195,13195,13195,13195,13195,13195,13195,13195,13195,13195,13195,13195,,,,,,,,,,,,,,,,,,,,,,,,,,,,,,,,,,,,,,,,,,,,,,,,,,,,,,,,,,,,,,,,,,,,,,,,,,,,,
VCS995,"Reported in PDD as ""Estimated GHG emission reductions or removals (tCO2e)"" on table 1.7 on page 5. ",0,n/a,2006,1535,5995,7200,7412,9642,9820,9820,8642,6251,8320,8967,7399,8758,8878,8878,8878,8878,8878,8878,8878,8878,8878,8878,6607,2185,6726,8122,5124,8020,8273,,,,,,,,,,,,,,,,,,,,,,,,,,,,,,,,,,,,,,,,,,,,,,,,,,,,,,,,,,,,,,,,,,,,,,,,,,,,
VCS996,"Reported in PDD as ""Estimated GHG emission reductions or removal (tcO2e)"" on table 1.7 on page 5. ",0,n/a,2004,206,3939,12889,33877,57944,76630,90924,103428,106042,106385,106709,105798,104918,103484,101439,95014,97604,100919,102927,103065,104127,104127,104127,104127,104124,103647,103548,101976,100239,100718,,,,,,,,,,,,,,,,,,,,,,,,,,,,,,,,,,,,,,,,,,,,,,,,,,,,,,,,,,,,,,,,,,,,,,,,,,,,
VCS1015,No Documents available ,,,,,,,,,,,,,,,,,,,,,,,,,,,,,,,,,,,,,,,,,,,,,,,,,,,,,,,,,,,,,,,,,,,,,,,,,,,,,,,,,,,,,,,,,,,,,,,,,,,,,,,,,,,,,
VCS1047,"Reported on Table 36 on page 132, ex ante estimated net anthropogenic GHG emission reductions (used column ex ante VCUs tradeable)",1,21,2008,6348,19003,40221,61845,87489,148297,225989,316626,428469,485204,,,,,,,,,,,,,,,,,,,,,,,,,,,,,,,,,,,,,,,,,,,,,,,,,,,,,,,,,,,,,,,,,,,,,,,,,,,,,,,,,,,,,,,,,,,,,,,,
VCS1052,No PDD but used Verification Report for 2012 to fill some data in (This is why there is only one year of data shown,1,21,2012,56209,,,,,,,,,,,,,,,,,,,,,,,,,,,,,,,,,,,,,,,,,,,,,,,,,,,,,,,,,,,,,,,,,,,,,,,,,,,,,,,,,,,,,,,,,,,,,,,,,,,,,,,,,
VCS1055,"Reported in PDD as ""Ex-ante estimation"" on table 3.8 on page 43-44. ",1,10,2004,2515,10247,20015,30391,41851,52806,58835,62476,75240,82366,70521,40092,23031,25229,29641,33090,16208,0,0,0,0,0,0,0,0,0,0,0,0,0,0,0,0,0,0,0,0,0,0,0,,,,,,,,,,,,,,,,,,,,,,,,,,,,,,,,,,,,,,,,,,,,,,,,,,,,,,,,,,,,,,,,,,
VCS1060,"Reported in PDD as ""Summary of GHG Emission Reductions and Removals"" on section 3.4 on page 35-36 Using Estimated GHG emissions after 10% risk deduction. ",1,10,2012,22027,34884,32295,32295,32295,32295,32295,32295,32295,32295,27571,27233,27213,27213,27213,27213,27213,27213,27213,27213,19749,17118,19509,19509,19509,19509,19509,19509,19509,19509,0,10041,9135,9135,9135,9135,9135,9135,3470,,,,,,,,,,,,,,,,,,,,,,,,,,,,,,,,,,,,,,,,,,,,,,,,,,,,,,,,,,,,,,,,,,,
VCS1067,"Reported in PDD as ""Voluntary Carbon Units"" on Table 47 on page 102 Using Voluntary Carbon Units after 13% risk deduction. ",1,13,2010,144395.4,195248.8,266188.1,309533.2,356487.9,465192,491863.2,494744.8,618713.2,640060.7,,,,,,,,,,,,,,,,,,,,,,,,,,,,,,,,,,,,,,,,,,,,,,,,,,,,,,,,,,,,,,,,,,,,,,,,,,,,,,,,,,,,,,,,,,,,,,,,
VCS1071,"Reported in PDD as ""Project Scale and Estimated GHG Emission Reductions or Removals"" on section 1.7 on page 6. ",0,n/a,2009,-713,26,73,233,877,2086,3832,5928,7004,6578,5103,3463,2948,2986,2843,2500,2058,1889,1583,1078,370,0,0,0,0,,,,,,,,,,,,,,,,,,,,,,,,,,,,,,,,,,,,,,,,,,,,,,,,,,,,,,,,,,,,,,,,,,,,,,,,,,,,,,,,,
VCS1085,"Reported in PDD as ""Available VCUs after buffer and until long term average is achieved"" on Table 11 on page 78. ",1,10,2012,126178.38,71351.01,141718.41,137200.95,100208.43,55824.39,16655.85,0,0,98507.25,,,,,,,,,,,,,,,,,,,,,,,,,,,,,,,,,,,,,,,,,,,,,,,,,,,,,,,,,,,,,,,,,,,,,,,,,,,,,,,,,,,,,,,,,,,,,,,,
VCS1094,"Reported in PDD as ""Ex Ante estimated net anthropogenic GHG emission reductions"" on Table 66 on page 97-98 using VCUs tradeable",1,34,2003,41143,37631,28210,47759,46401,48849,47497,47489,38190,61897,53157,43425,4878,55430,40259,19815,161736,8977,83729,36913,47799,59666,74420,6706,80567,44706,33821,51275,74332,5601,,,,,,,,,,,,,,,,,,,,,,,,,,,,,,,,,,,,,,,,,,,,,,,,,,,,,,,,,,,,,,,,,,,,,,,,,,,,
VCS1112,"Reported in PDD as ""Ex Ante estimated net  emission reduction credits"" on Table 3.33 on page 85 using GHG credits eligible for issuance as VCUs",1,10,2012,18030,101726,131428,127693,136500,121211,137890,141665,133424,151906,,,,,,,,,,,,,,,,,,,,,,,,,,,,,,,,,,,,,,,,,,,,,,,,,,,,,,,,,,,,,,,,,,,,,,,,,,,,,,,,,,,,,,,,,,,,,,,,
VCS1113,"Reported in PDD as ""Ex Ante estimated net  emission reduction credits"" on Table 3.33 on page 83 using GHG credits eligible for issuance as VCUs",1,10,2012,38780,183460,179569,182449,163018,152243,163474,159182,149560,166798,,,,,,,,,,,,,,,,,,,,,,,,,,,,,,,,,,,,,,,,,,,,,,,,,,,,,,,,,,,,,,,,,,,,,,,,,,,,,,,,,,,,,,,,,,,,,,,,
VCS1115,"Reported in PDD as ""Ex Ante estimated net anthropogenic GHG emission reduction credits"" on Table 50 on page 126 using ex ante VCUs tradeable",1,18,2011,80972.2,78418.8,65542.2,63387.2,98826.1,101496.2,128643.4,152593.2,143300.9,145582.3,207095.4,135284.1,108440,135360.1,124572.2,108993.3,105963.1,98294.2,80121.6,75099.7,75278.9,60891.2,66294.2,55473.8,63772.2,56218,59060,53116.1,45779.7,47299.6,,,,,,,,,,,,,,,,,,,,,,,,,,,,,,,,,,,,,,,,,,,,,,,,,,,,,,,,,,,,,,,,,,,,,,,,,,,,
VCS1118,"Reported in PDD as ""Ex Ante estimated net anthropogenic GHG emission reduction credits"" on Table 35 on page 89 using ex ante VCUs tradeable",1,10,2009,92862.5,91213.8,131033.4,123558.1,114516,122836.1,130603.4,117385,101544.9,102416.4,107345.7,109359.1,191682.9,234526.9,232372.6,367944.9,360984.9,287288.6,273162.2,343618.6,299839.5,239340.3,198286.6,237113,218034,279586,308979,302918,448653.1,512418.5,,,,,,,,,,,,,,,,,,,,,,,,,,,,,,,,,,,,,,,,,,,,,,,,,,,,,,,,,,,,,,,,,,,,,,,,,,,,
VCS1122,"Reported in PDD as ""estimated GHG emission reductions during the first baseline period"" on Table 7 on page 24 using total estimated GHG emission reductions",0,n/a,2010,242620,279466,316315,362552,390011,426859,463707,500555,537403,574250,,,,,,,,,,,,,,,,,,,,,,,,,,,,,,,,,,,,,,,,,,,,,,,,,,,,,,,,,,,,,,,,,,,,,,,,,,,,,,,,,,,,,,,,,,,,,,,,
VCS1133,"Reported in PDD as ""Ex Ante GHG emissions for the baseline, project, and removals before deductions"" on Table 9 on page 63 using estimated net VCUs",1,33,2012,43126,44020,44914,45808,46702,47596,48490,49384,50278,51172,,,,,,,,,,,,,,,,,,,,,,,,,,,,,,,,,,,,,,,,,,,,,,,,,,,,,,,,,,,,,,,,,,,,,,,,,,,,,,,,,,,,,,,,,,,,,,,,
VCS1141,"Reported in PDD as ""Estimated net GHG removals with LTA and Buffer Calculation"" on Table 15 on page 63 using VCUs with buffer",1,18,2010,8284,23608,51266,95024,125823,189532,245231,302203,323438,392030,388811,391887,447207,530733,644031,501468,0,0,0,0,0,0,0,0,0,0,0,0,0,0,0,0,0,0,0,0,0,0,0,0,0,0,0,0,0,0,0,0,0,0,0,0,0,0,,,,,,,,,,,,,,,,,,,,,,,,,,,,,,,,,,,,,,,,,,,,,,,,,,,,
VCS1150,No Documents Available,,,,,,,,,,,,,,,,,,,,,,,,,,,,,,,,,,,,,,,,,,,,,,,,,,,,,,,,,,,,,,,,,,,,,,,,,,,,,,,,,,,,,,,,,,,,,,,,,,,,,,,,,,,,,
VCS1153,"Reported in PDD as ""Project Scale and Estimated GHG Emission Reductions or Removals"" on section 1.7 on page 8. ",0,n/a,2014,117,2498,7042,14544,-19805,72083,48771,69655,98537,135718,176061,167437,197750,218120,250292,288646,272601,268547,283756,236158,229551,174087,152932,93836,-58024,-77642,-14595,-182669,-213483,-473516,-543509,190234,214878,215047,193853,213602,205180,154744,160413,72245,,,,,,,,,,,,,,,,,,,,,,,,,,,,,,,,,,,,,,,,,,,,,,,,,,,,,,,,,,,,,,,,,,
VCS1162,"Reported in PDD as ""Project Scale and Estimated GHG Emission Reductions or Removals"" on section 1.7 on page 8 but labeled as estimate average annual project greenhouse gas verified carbon units",1,23,2006,86680,86680,86680,86680,86680,86680,86680,86680,86680,86680,86680,86680,86680,86680,86680,86680,86680,86680,86680,86680,86680,86680,86680,86680,86680,86680,86680,86680,86680,86680,,,,,,,,,,,,,,,,,,,,,,,,,,,,,,,,,,,,,,,,,,,,,,,,,,,,,,,,,,,,,,,,,,,,,,,,,,,,
VCS1168,"Reported in PDD as ""Project Scale and Estimated GHG Emission Reductions or Removals"" on section 1.7 on page 13-14 but labeled as VCU",1,10,2009,18169,39737,59547,105113,139207,152958,161252,164012,180340,183132,199999,205761,214922,224601,225624,233144,244520,246376,252165,256418,262669,269129,274842,273714,281200,283250,289054,287187,290266,294325,,,,,,,,,,,,,,,,,,,,,,,,,,,,,,,,,,,,,,,,,,,,,,,,,,,,,,,,,,,,,,,,,,,,,,,,,,,,
VCS1175,"Reported in PDD as ""Ex Ante estimated net emission reductions with non-permanence risk buffer deductions"" on Table 3.31 on page 88-89 using Estimated net GHG emission reductions or removals",1,10,2004,108874,121785,48797,46336,38698,27776,35545,37463,27211,28317,,,,,,,,,,,,,,,,,,,,,,,,,,,,,,,,,,,,,,,,,,,,,,,,,,,,,,,,,,,,,,,,,,,,,,,,,,,,,,,,,,,,,,,,,,,,,,,,
VCS1201,"Reported in PDD as ""Verified carbon units in the first 10 years of the project"" on Table 35 on page 93 using VCU",1,10,2012,322993,333556,369244,381420,452662,465279,477047,488285,533882,545661,,,,,,,,,,,,,,,,,,,,,,,,,,,,,,,,,,,,,,,,,,,,,,,,,,,,,,,,,,,,,,,,,,,,,,,,,,,,,,,,,,,,,,,,,,,,,,,,
VCS1202,"Reported in PDD as ""Project Scale and Estimated GHG Emission Reductions or Removals"" on section 1.7 on page 16-17 but labeled as VCU",1,14,2009,30756,122020,122020,122355,129866,158412,173552,187627,207517,212656,227946,235764,249967,273756,265137,260782,273047,286282,289486,266296,258911,247001,248042,272905,226053,225854,201467,208766,200717,124510,,,,,,,,,,,,,,,,,,,,,,,,,,,,,,,,,,,,,,,,,,,,,,,,,,,,,,,,,,,,,,,,,,,,,,,,,,,,
VCS1215,"Reported in PDD as ""Ex Ante estimation of VCUs generated by the Makira Project"" on Table 27 on page 120 using Est VCUs",1,14.5,2006,51701,124752,186256,238721,351825,395266,434373,470088,503148,667766,696859,725952,755045,784138,1035228,1072008,1108788,1145567,1182347,1512675,1558119,1603564,1649008,1694453,2141454,2197227,2253000,2308772,2364545,,,,,,,,,,,,,,,,,,,,,,,,,,,,,,,,,,,,,,,,,,,,,,,,,,,,,,,,,,,,,,,,,,,,,,,,,,,,,
VCS1225,"Reported in PDD as ""Project Scale and Estimated GHG Emission Reductions or Removals"" on section 1.7 on page 13-14 but labeled as net anthropogenic GHG emissions and removals",0,n/a,2010,10320,28943,55867,88536,117055,137271,149185,156949,164712,165026,157040,132134,107226,86471,74018,69867,69867,69867,69867,69867,,,,,,,,,,,,,,,,,,,,,,,,,,,,,,,,,,,,,,,,,,,,,,,,,,,,,,,,,,,,,,,,,,,,,,,,,,,,,,,,,,,,,,
VCS1233,"Reported in PDD as ""Project Scale and Estimated GHG Emission Reductions or Removals"" on section 1.7 on page 7-8 but labeled as estimated GHG emission reductions or removals",0,n/a,2011,538.9,1903.46,3125.31,3805.25,3864.08,12138.62,19991,36701.2,58013.15,81116,102370.85,118359.63,126896.14,127546.59,121430.26,110542.94,97035.69,82729.84,68919.11,56377.09,33588.19,36259.03,28669.12,22517.05,17594.08,13692.77,10623.87,8223.31,6353.6,4902.14,3778.19,2909.52,2239.15,1722.4,-63365.66,,,,,,,,,,,,,,,,,,,,,,,,,,,,,,,,,,,,,,,,,,,,,,,,,,,,,,,,,,,,,,,,,,,,,,,
VCS1285,"Reported in PDD as ""Project Scale and Estimated GHG Emission Reductions or Removals"" on section 5.1 on page 69-70 but labeled as estimated GHG emission reductions or removals",0,14.5,2011,43106,43106,43106,43106,43106,43106,43106,43106,43106,43106,43106,43106,43106,43106,43106,43106,43106,43106,43106,43106,43106,43106,43106,43106,43106,43106,43106,43106,43106,43106,,,,,,,,,,,,,,,,,,,,,,,,,,,,,,,,,,,,,,,,,,,,,,,,,,,,,,,,,,,,,,,,,,,,,,,,,,,,
VCS1311,"Reported in PDD as ""Ex ante Estimated net anthropogenic GHG emission reductions"" on Table 36 on page 139 using ex ante VCUs tradeable",1,10,2008,68389,169071,321087,468293,552620,1119429,1274960,1312121,1500196,1725022,,,,,,,,,,,,,,,,,,,,,,,,,,,,,,,,,,,,,,,,,,,,,,,,,,,,,,,,,,,,,,,,,,,,,,,,,,,,,,,,,,,,,,,,,,,,,,,,
VCS1317,"Reported in PDD as ""Project Scale and Estimated GHG Emission Reductions or Removals"" on section 1.7 on page 14 but labeled as estimated cumulative GHG emission removals",0,n/a,2011,1139.26,1139.27,1513.37,1513.38,1513.38,1575.56,1575.56,1643.96,1643.97,1643.97,1720.72,1720.72,1805.16,1805.15,1805.16,1878.86,1878.87,2292.83,2292.83,2292.83,1467.43,1467.42,1467.42,1467.42,1467.42,1467.43,1467.42,1467.42,1467.42,1467.42,,,,,,,,,,,,,,,,,,,,,,,,,,,,,,,,,,,,,,,,,,,,,,,,,,,,,,,,,,,,,,,,,,,,,,,,,,,,
VCS1318,,,,,,,,,,,,,,,,,,,,,,,,,,,,,,,,,,,,,,,,,,,,,,,,,,,,,,,,,,,,,,,,,,,,,,,,,,,,,,,,,,,,,,,,,,,,,,,,,,,,,,,,,,,,,,
VCS1325,"Reported in PDD as ""Ex ante Estimated net anthropogenic GHG emission reductions"" on Table 36 on page 115using ex ante VCUs tradeable",1,10,2011,29956,31471,35551,40138,42545,45195,46885,47547,46062,45127,,,,,,,,,,,,,,,,,,,,,,,,,,,,,,,,,,,,,,,,,,,,,,,,,,,,,,,,,,,,,,,,,,,,,,,,,,,,,,,,,,,,,,,,,,,,,,,,
VCS1326,"Reported in PDD as ""Project Scale and Estimated GHG Emission Reductions or Removals"" on section 5.1 on page 53but labeled as estimated GHG emission reductions or removals",0,n/a,2011,229011,234994,240977,246960,252943,258926,264909,270892,276875,282858,,,,,,,,,,,,,,,,,,,,,,,,,,,,,,,,,,,,,,,,,,,,,,,,,,,,,,,,,,,,,,,,,,,,,,,,,,,,,,,,,,,,,,,,,,,,,,,,
VCS1327,"Reported in PDD as ""Project Scale and Estimated GHG Emission Reductions or Removals"" on section 3.4 on page 66ut labeled as estimated GHG emission reductions or removals",0,22.7,2012,2983,23695,27401,60648,106816,152978,157486,194128,191977,204107,214411,238328,273364,226870,264027,289393,254951,0,0,0,0,0,0,0,0,0,0,0,0,0,,,,,,,,,,,,,,,,,,,,,,,,,,,,,,,,,,,,,,,,,,,,,,,,,,,,,,,,,,,,,,,,,,,,,,,,,,,,
VCS1328,"Reported in PDD as ""Project Scale and Estimated GHG Emission Reductions or Removals"" on section 1.7 on page 6 but labeled as estimated cumulative GHG emission removals",0,10,2011,2415,7776,26890,41708,72843,116256,123821,85660,55344,78927,59212,91942,70603,103131,81076,114449,95411,129569,110850,145314,,,,,,,,,,,,,,,,,,,,,,,,,,,,,,,,,,,,,,,,,,,,,,,,,,,,,,,,,,,,,,,,,,,,,,,,,,,,,,,,,,,,,,
VCS1329,"Reported in PDD as ""Ex ante Estimated net anthropogenic GHG emission reductions"" on Table 45 on page 130-131 ex ante VCUs tradeable",1,20,2012,40496.3,51511.5,51490.6,63251.5,73947.8,87068.7,62494.3,58184.7,53442.5,58359.5,50051.6,47703.3,55567,48599.7,49808.8,49176,46400,42240,58812.2,55008.5,43042,48344.2,67895.7,50106.5,36800.4,72214.6,46505.1,49237.5,63108.1,33670.6,,,,,,,,,,,,,,,,,,,,,,,,,,,,,,,,,,,,,,,,,,,,,,,,,,,,,,,,,,,,,,,,,,,,,,,,,,,,
VCS1332,"Reported in PDD as ""Project Scale and Estimated GHG Emission Reductions or Removals"" on section 1.7 on page 5-6 but labeled as estimated GHG emission removals",0,n/a,2011,-2216,384,654,1134,1620,2135,2646,3129,3563,3937,4244,4485,4660,4774,4834,4846,4818,4754,4663,4550,4420,4278,4127,3972,3813,3655,3499,3345,3196,3052,,,,,,,,,,,,,,,,,,,,,,,,,,,,,,,,,,,,,,,,,,,,,,,,,,,,,,,,,,,,,,,,,,,,,,,,,,,,
VCS1339,"Reported in PDD as ""Project Scale and Estimated GHG Emission Reductions or Removals"" on section 1.7 on page 5 but labeled as estimated GHG emission removals",0,n/a,2011,4.45,25.21,80.84,185.82,364.11,361.12,235.15,0,0,0,0,0,0,0,0,0,0,0,0,0,,,,,,,,,,,,,,,,,,,,,,,,,,,,,,,,,,,,,,,,,,,,,,,,,,,,,,,,,,,,,,,,,,,,,,,,,,,,,,,,,,,,,,
VCS1340,"Reported in PDD as ""Ex ante Estimated net anthropogenic GHG emission reductions"" on Table 45 on page 131-132 ex ante VCUs tradeable",1,15,2012,985174,966397,948327,930926,914136,1167331,1147002,1127376,1108406,1090021,876241,1259145,1238808,1219075,1199963,1181399,1163366,1145857,1128789,1112209,,,,,,,,,,,,,,,,,,,,,,,,,,,,,,,,,,,,,,,,,,,,,,,,,,,,,,,,,,,,,,,,,,,,,,,,,,,,,,,,,,,,,,
VCS1343,"Reported in PDD as ""Project Scale and Estimated GHG Emission Reductions or Removals"" on section 1.7 on page 6-7 but labeled as estimated GHG emission removals",0,18,2015,5350,9106,12992,16554,18546,19364,20378,21630,23173,25068,27385,30204,33613,37703,42568,48288,54923,62493,70958,80192,86738,93471,99916,105499,110519,115751,118400,118168,115015,109171,101105,91448,80897,70116,59662,49949,41232,33631,27157,21748,17299,13685,10779,8460,6622,5172,4032,3139,2442,1898,1474,1144,888,,,,,,,,,,,,,,,,,,,,,,,,,,,,,,,,,,,,,,,,,,,,,,,,,,,,,
VCS1351,"Reported in PDD as ""Project Scale and Estimated GHG Emission Reductions or Removals"" on section 1.7 on page 9 but labeled as estimated GHG emission removals",0,14,2012,-309.19,-1468.42,-1369.85,-1316.05,-1197.28,-1066.52,-882.6,-510.3,109.43,972.83,2105.49,3295.6,4856.25,6500.04,8155.58,9598.73,11305.73,12910.91,14486.34,15872.07,17045.3,17561.56,18595.2,19518.28,20268.26,20778.86,20556.31,21113.07,21626.79,21595.11,,,,,,,,,,,,,,,,,,,,,,,,,,,,,,,,,,,,,,,,,,,,,,,,,,,,,,,,,,,,,,,,,,,,,,,,,,,,
VCS1359,"Reported in PDD as ""Estimated VCUs as NERs less buffer allocation and plus buffer release"" on Table 44 on page 129 VCUs",1,15,2009,18255,183544,307081,401465,400332,394842,389295,384214,379259,374542,464145,358458,343646,326152,309408,424448,278416,264244,250762,238008,225761,371223,202592,191736,181319,171415,162164,320262,145048,137021,87872,,,,,,,,,,,,,,,,,,,,,,,,,,,,,,,,,,,,,,,,,,,,,,,,,,,,,,,,,,,,,,,,,,,,,,,,,,,
VCS1360,"Reported in PDD as ""Voluntary Carbon Units"" on Table 10 on page 44 ex ante VCUs tradeable",1,15,2010,271387.4,214875.7,270831.3,351391.9,380154.6,459623.2,612623.4,656465.9,716123.7,797024.2,,,,,,,,,,,,,,,,,,,,,,,,,,,,,,,,,,,,,,,,,,,,,,,,,,,,,,,,,,,,,,,,,,,,,,,,,,,,,,,,,,,,,,,,,,,,,,,,
VCS1361,"Reported in PDD as ""Project Scale and Estimated GHG Emission Reductions or Removals"" on section 1.7 on page 5-6 but labeled as estimated GHG emission removals",0,n/a,2012,-5807.86,1164.11,1539.38,1986.33,2510.45,3117.09,3811.52,4598.88,5484.23,6472.56,7568.76,8777.67,10104.05,11552.6,13127.97,10048.15,6171.63,6289.07,6664.22,7330.24,7317.4,8163.64,8593.3,8711.8,9404.65,9972.99,10328.7,9792.01,11660.8,11496.88,,,,,,,,,,,,,,,,,,,,,,,,,,,,,,,,,,,,,,,,,,,,,,,,,,,,,,,,,,,,,,,,,,,,,,,,,,,,
VCS1367,"Reported in PDD as ""Project Scale and Estimated GHG Emission Reductions or Removals"" on section 1.7 on page 7-8 but labeled as estimated GHG emission removals",0,n/a,2010,4261,5001,5001,5001,5001,5001,5001,5001,5001,5001,5001,5001,5001,5001,5001,5001,5001,5001,5001,5001,5001,5001,5001,5001,5001,5001,5001,5001,5001,5001,740,,,,,,,,,,,,,,,,,,,,,,,,,,,,,,,,,,,,,,,,,,,,,,,,,,,,,,,,,,,,,,,,,,,,,,,,,,,
VCS1377,"Reported in PDD as ""Project Scale and Estimated GHG Emission Reductions or Removals"" on section 1.7 on page 5-7 but labeled as estimated net GHG emission removals after 10% risk deduction",1,10,2015,14854,10637,10602,10568,10534,12715,11871,11812,11753,11694,10513,10647,10602,10558,10514,9461,9544,9493,9442,9390,3927,4229,4145,4061,3977,7496,8015,8036,8057,8078,4330,3353,3277,3201,3124,4564,5331,5326,5321,5316,2737,1784,1780,1775,1771,5351,4504,4450,4396,4342,1413,1225,1255,1286,1316,5315,4572,657,,,,,,,,,,,,,,,,,,,,,,,,,,,,,,,,,,,,,,,,,,,,,,,,
VCS1378,"Reported in PDD as ""Summary of results obtained in sections C.7"" on Table A.22 on page 64 estimation of net anthropogenic GHG removals by sinks",0,n/a,2003,-1665.09,-1240.9,5557.33,19870.58,35004.8,65119.99,73194.5,103119.91,109671.73,119171.83,96230.23,80798.45,62414.84,66634.43,64311.01,32852.13,38091.01,-11964.58,-70951.07,-130543.03,,,,,,,,,,,,,,,,,,,,,,,,,,,,,,,,,,,,,,,,,,,,,,,,,,,,,,,,,,,,,,,,,,,,,,,,,,,,,,,,,,,,,,
VCS1382,"Reported in PDD as ""Ex Ante Estimate of Net Emission Reduction Credits"" on Table 10 on page 76 GHG credits eligible for issuance as VCUs",1,23,2013,1926524,2022336,2144420,2315864,2430403,351383,351383,351383,351383,351383,,,,,,,,,,,,,,,,,,,,,,,,,,,,,,,,,,,,,,,,,,,,,,,,,,,,,,,,,,,,,,,,,,,,,,,,,,,,,,,,,,,,,,,,,,,,,,,,
VCS1384,"Reported in PDD as ""Ex Ante net anthropogenic GHG emission reductions"" on Table 48 on page 130 GHG credits eligible for issuance as Ex ante VCUs tradeable",1,11,2012,235668,303120,410792,483040,578443,664499,784225,926792,1070854,1254203,1392501,1551693,1740732,1846791,1946744,2014282,2100465,1981772,1859624,1783680,1653482,1552667,1427583,1316039,1224078,1171440,1068872,996088,861779,757315,,,,,,,,,,,,,,,,,,,,,,,,,,,,,,,,,,,,,,,,,,,,,,,,,,,,,,,,,,,,,,,,,,,,,,,,,,,,
VCS1389,"Reported in PDD as ""Estimated VCUs as NERs less buffer allocation"" on Table 60 on page 179-181 VCUs",1,14,2013,1654,100858,186903,245615,303320,330357,349123,380501,344334,356448,361191,373080,381306,503433,383662,374842,374058,367301,362689,516783,335634,337387,339060,340429,342034,550977,345056,346685,348499,349631,302862,,,,,,,,,,,,,,,,,,,,,,,,,,,,,,,,,,,,,,,,,,,,,,,,,,,,,,,,,,,,,,,,,,,,,,,,,,,
VCS1390,"Reported in PDD as ""Estimated VCUs as NERs less buffer allocation"" on Table 60 on page 188-189 VCUs",1,13,2014,102405,221062,275492,307211,342149,352507,416040,379794,393236,408909,426948,424762,533983,450849,468751,472153,488448,476224,645295,439125,426287,415341,399883,388766,612792,378778,373466,365002,359365,362041,284652,,,,,,,,,,,,,,,,,,,,,,,,,,,,,,,,,,,,,,,,,,,,,,,,,,,,,,,,,,,,,,,,,,,,,,,,,,,
VCS1391,"Reported in PDD as ""Estimated VCUs as NERs less buffer allocation"" on Table 56 on page 196-197 VCUs",1,16,2013,3495,103839,181925,209140,229481,245538,258302,316339,279495,289041,298124,297710,304433,418414,302085,318514,291098,288129,282112,446215,272441,239000,201161,199574,200802,400591,201374,218106,219889,220200,181174,,,,,,,,,,,,,,,,,,,,,,,,,,,,,,,,,,,,,,,,,,,,,,,,,,,,,,,,,,,,,,,,,,,,,,,,,,,
VCS1392,"Reported in PDD as ""Estimated VCUs as NERs less buffer allocation"" on Table 58 on page 185-186 VCUs",1,18,2013,1449,93985,156278,186334,211870,227952,234853,291182,244332,250321,252084,255336,258408,370422,257871,257325,256281,258253,258433,425606,254039,251375,246571,246273,246028,456537,240626,223052,173649,166342,105326,,,,,,,,,,,,,,,,,,,,,,,,,,,,,,,,,,,,,,,,,,,,,,,,,,,,,,,,,,,,,,,,,,,,,,,,,,,
VCS1395,"Reported in PDD as ""Estimated VCUs as NERs less buffer allocation"" on Table 55 on page 197-198 VCUs",1,14,2013,21852,226861,343271,377431,418420,442604,452996,539524,473242,484173,495776,498948,497842,656927,493514,504239,500486,482765,477207,704210,465635,459618,452436,447324,442222,625611,218018,219170,230314,229030,149945,,,,,,,,,,,,,,,,,,,,,,,,,,,,,,,,,,,,,,,,,,,,,,,,,,,,,,,,,,,,,,,,,,,,,,,,,,,
VCS1396,"Reported in PDD as ""Estimated VCUs as NERs less buffer allocation"" on Table 55 on page 172-174 VCUs",1,15,2014,914,120561,178043,205245,221024,227947,281099,246137,264872,278370,292197,298074,376338,284777,275924,272698,266975,240516,259741,128487,129977,127473,67132,93572,249985,108523,104675,102915,101906,100036,229454,,,,,,,,,,,,,,,,,,,,,,,,,,,,,,,,,,,,,,,,,,,,,,,,,,,,,,,,,,,,,,,,,,,,,,,,,,,
VCS1397,"Reported in PDD as ""Project Scale and Estimated GHG Emission Reductions or Removals"" on section 1.7 on page 6-8 but labeled as estimated GHG emission removals",0,n/a,2016,41,594,13822,31037,58389,96352,128759,154561,194228,237949,282262,379295,491744,588093,666691,750518,811930,900665,1061468,1209739,1376997,1559895,1750940,1981843,2229624,2467024,2725506,3001669,3287974,3616086,3865484,3310688,2620595,227557,,,,,,,,,,,,,,,,,,,,,,,,,,,,,,,,,,,,,,,,,,,,,,,,,,,,,,,,,,,,,,,,,,,,,,,,
VCS1398,"Reported in PDD as ""Ex ante estimated net anthropogenic GHG emission reduction"" on Table 52 on page 153-154 Ex ante VCUs tradeable",1,10,2015,28,36,45,52,63,74,89,95,102,105,105,132,137,157,176,184,185,215,219,220,235,242,250,262,308,335,352,368,390,,,,,,,,,,,,,,,,,,,,,,,,,,,,,,,,,,,,,,,,,,,,,,,,,,,,,,,,,,,,,,,,,,,,,,,,,,,,,
VCS1399,"Reported in PDD as ""Estimated VCUs as NERs less buffer allocation"" on Table 54 on page 178-180 VCUs",1,13,2013,11765,60698,88415,97573,106807,112507,119641,148668,134995,141343,143533,146916,147397,192026,154033,149330,149589,150233,146569,200759,138927,154417,150792,150541,150732,231225,150680,149272,147941,145338,69114,,,,,,,,,,,,,,,,,,,,,,,,,,,,,,,,,,,,,,,,,,,,,,,,,,,,,,,,,,,,,,,,,,,,,,,,,,,
VCS1400,"Reported in PDD as ""Estimated VCUs as NERs less buffer allocation"" on Table 56 on page 227-229 VCUs",1,17,2013,14189,104917,154737,173067,193256,204609,213071,270210,235424,245150,247739,245256,242066,339023,233871,227503,242769,264514,270117,430183,285363,296717,305047,313408,319494,534923,329443,364582,365007,365661,240827,,,,,,,,,,,,,,,,,,,,,,,,,,,,,,,,,,,,,,,,,,,,,,,,,,,,,,,,,,,,,,,,,,,,,,,,,,,
VCS1403,"Reported in PDD as ""Calculation of Verified Carbon Units"" on Table 18 on page 77-78 Net GHG emission reductions after risk buffer deduction",1,20.5,2010,579,604,643,713,1103,1521,1572,1624,1676,1728,1757,1153,1150,1136,1075,660,338,286,237,188,,,,,,,,,,,,,,,,,,,,,,,,,,,,,,,,,,,,,,,,,,,,,,,,,,,,,,,,,,,,,,,,,,,,,,,,,,,,,,,,,,,,,,
VCS1408,"Reported in PDD as ""Project Estimated annual NERs"" on Table 25 on page 125 Estimated GHG emission reductions",0,n/a,2014,1128485,831172,916396,995038,1153454,1132144,1191836,1226872,1258641,1464819,1287787,1281604,1271327,1251427,1495892,1176751,1140664,1109874,1067120,1355646,990403,960814,937763,890728,1217146,840433,810277,778692,753599,1111482,,,,,,,,,,,,,,,,,,,,,,,,,,,,,,,,,,,,,,,,,,,,,,,,,,,,,,,,,,,,,,,,,,,,,,,,,,,,
VCS1414,"Reported in PDD as Ex-ante estimation of VCUs, Table 31 page 83-84.  Values taken from column labeled Estimated GHG emission reductions or removals",0,22,2014,14,38,54,80,124,196,335,546,799,1094,1431,1812,2244,2731,847,3253,3833,4483,5210,6020,6921,7917,9015,10220,-4519,10386,11632,12979,14429,15984,,,,,,,,,,,,,,,,,,,,,,,,,,,,,,,,,,,,,,,,,,,,,,,,,,,,,,,,,,,,,,,,,,,,,,,,,,,,
VCS1429,"Reported in PDD as Project Scale and Estimated GHG Emission Reductions or Removals, Table 1.7 page 7-10.  Values taken from column labeled Estimated GHG emission reductions or removals",0,n/a,2012,351.75,710.08,1051.62,1258.59,1416.9,4957.7,1208.71,8386.93,-11936.82,1462.71,1867.57,2143.68,2280.06,2352.33,5791.53,1976.18,9074.8,-11335.97,1973.48,2288.36,2422.87,2204.08,2135.81,5443.92,1503.73,8487.8,-11976.36,1285.89,1559.52,1712.44,1734.95,1703.39,5049.1,1150.58,8176.11,-12298.07,957.13,1226.32,1377.11,1399.53,691.91,663.29,635.27,607.93,581.31,555.45,530.38,506.11,482.67,460.06,438.27,417.31,397.18,377.85,359.31,341.56,324.57,308.32,292.79,277.96,263.81,250.31,237.45,225.19,213.52,202.42,191.85,181.8,172.25,163.18,154.56,146.37,138.6,131.23,124.23,117.59,111.3,105.33,99.67,94.31,89.23,84.41,79.85,75.53,71.44,67.57,63.9,60.43,57.14,54.03,51.09,48.3,45.67,43.18,40.82,38.59,36.48,34.48,32.59,30.81,,,,,,
VCS1434,"Reported in PDD as Estimated GHG emission reductions or removals, Table 24 pages 73-76.  Values taken from column labeled Estimated GHG emission reductions or removals",0,n/a,2011,95.36,573.91,1383.11,2396.95,3569.75,5301.76,8227.29,12005.74,15723.32,18294.23,19664.43,20136.21,19998.28,18876.77,18708.59,17288.13,13929.33,5727.89,1086.13,3159.86,-75928.66,8678.89,9144.94,203.02,7830.79,6861.56,6608.42,5697.42,3694.47,-1158.66,-1815.29,-565.34,5772.49,5671.18,5173.44,4495.27,-28906.19,1170.31,1041.79,926.88,824.25,732.68,651.04,578.3,513.54,455.92,404.67,359.11,318.62,282.65,250.71,222.35,197.18,174.84,155.01,137.43,121.83,107.99,95.73,84.85,75.2,66.65,59.07,52.35,46.39,41.11,36.43,32.28,28.61,25.35,22.46,19.91,17.64,15.63,13.85,12.27,10.87,9.63,8.54,7.56,6.7,5.94,5.26,4.66,4.13,3.66,3.24,2.87,2.55,2.26,2,1.77,1.57,1.39,1.23,1.09,0.97,0.86,0.76,0.67,,,,,,
VCS1463,,,,,,,,,,,,,,,,,,,,,,,,,,,,,,,,,,,,,,,,,,,,,,,,,,,,,,,,,,,,,,,,,,,,,,,,,,,,,,,,,,,,,,,,,,,,,,,,,,,,,,,,,,,,,,
VCS1477,"Reported in PDD as Calculation of estimated verified carbon units, Table 80 pages 196-198.  Values taken from column labeled Estimated VCU.",1,10,2011,"1,404,330","1,398,752","3,950,285","4,037,205","4,424,832","4,640,182","5,239,509","5,515,287","5,892,227","6,219,617","6,666,469","6,823,628","7,275,262","7,462,232","7,896,374","8,094,746","8,509,039","8,727,679","9,285,238","9,423,876","9,096,606","9,425,608","8,351,267","8,300,658","8,258,380","8,259,888","8,254,358","8,208,700","8,233,633","8,196,342","8,226,215","8,149,872","8,132,722","8,155,212","8,100,459","8,097,548","8,114,120","8,112,153","8,079,863","8,080,873","8,037,521","8,046,742","8,029,369","8,017,338","7,978,032","7,973,987","7,974,344","7,943,670","7,923,838","7,911,214","7,909,534","7,895,543","7,903,288","7,882,187","7,846,179","7,878,557","7,842,379","7,806,442","7,823,664","7,765,710",,,,,,,,,,,,,,,,,,,,,,,,,,,,,,,,,,,,,,,,,,,,,,
VCS1493,,,,,,,,,,,,,,,,,,,,,,,,,,,,,,,,,,,,,,,,,,,,,,,,,,,,,,,,,,,,,,,,,,,,,,,,,,,,,,,,,,,,,,,,,,,,,,,,,,,,,,,,,,,,,,
VCS1496,"Reported in PDD as Project Scale and Estimated GHG Emission Reductions or Removals, Table 1.7 pages 12-13.  Values taken from column labeled Estimated GHG emission reductions or removals",0,n/a,2010,375,"1,941","4,934","7,456","10,630","17,635","19,265","19,265","19,266","19,305","18,438","16,514","14,740","11,304","9,760","9,273","8,809","8,368","7,950","7,552","6,488","3,316","-1,192",-603,"-7,445",450,"4,587","4,358","4,140","3,932","3,737","3,549","3,332","2,950","2,290","1,638",670,101,0,0,0,0,0,0,0,0,0,0,0,0,0,0,0,0,0,0,0,0,0,0,,,,,,,,,,,,,,,,,,,,,,,,,,,,,,,,,,,,,,,,,,,,,,
VCS1503,"Reported in PDD as  Ex-ante estimate of net anthropogenic emission reductions and Verified Carbon Units, Table 43 pages 159-160.  Values taken from column labeled Ex ante VCUs tradable.",1,11,2013,240388,360404,371473,377478,429970,370616,409431,405376,406176,354911,399646,421204,493608,419789,325511,345766,351212,429735,428710,356578,362673,301753,288423,283805,320212,342124,465404,297646,414616,330371,,,,,,,,,,,,,,,,,,,,,,,,,,,,,,,,,,,,,,,,,,,,,,,,,,,,,,,,,,,,,,,,,,,,,,,,,,,,
VCS1529,"Reported in PDD as Project Scale and Estimated GHG Emission Reductions or Removals, Table 1.7 page 5.  Values taken from column labeled Estimated GHG emission reductions or removals (with buffer deduction)",1,23,2010,"79,602","78,807","78,012","77,217","76,422","75,628","74,833","74,038","73,243","99,002","70,180","67,911","65,643","63,375","61,107","58,838","56,570","54,302","52,034","49,766",,,,,,,,,,,,,,,,,,,,,,,,,,,,,,,,,,,,,,,,,,,,,,,,,,,,,,,,,,,,,,,,,,,,,,,,,,,,,,,,,,,,,,
VCS1530,"Reported in PDD as  Estimated net GHG emission reductions, Table 26 pages 86-87.  Values taken from column labeled Estimated net GHG emissions or removals.",0,n/a,2012,"29,730","65,716","72,195","104,158","111,245","120,532","56,758","76,147","183,064","-12,148","5,311","43,002","82,071","83,557","124,732","72,083","-93,136","-15,625","47,858","-143,668","51,202","130,183","90,662","38,153","17,641","-56,006","-9,666","46,400","18,758","-155,718",,,,,,,,,,,,,,,,,,,,,,,,,,,,,,,,,,,,,,,,,,,,,,,,,,,,,,,,,,,,,,,,,,,,,,,,,,,,
VCS1532,"Reported in PDD as  Ex-ante estimation net GHG emissions reductions of the entire project calculation summary, Table 60 pages 126-127.  Values taken from column labeled Estimated net GHG emissions or removals.",0,11,2013,"-12,542","17,780","65,519","132,031","212,362","301,590","324,185","340,512","360,901","383,377","31,525","31,532","31,529","31,526","31,523","31,520","31,517","31,514","31,511","31,508",,,,,,,,,,,,,,,,,,,,,,,,,,,,,,,,,,,,,,,,,,,,,,,,,,,,,,,,,,,,,,,,,,,,,,,,,,,,,,,,,,,,,,
VCS1538,"Reported in PDD as  Ex-ante calculation summary, Table 17 pages 75-76.  Values taken from column labeled Estimated GHG emissions or removals.",0,n/a,2011,-620,"1,522","10,124","16,485","19,755","22,561","25,042","27,251","29,216","30,956","32,484","33,811","34,946","35,896","36,670","37,272","37,710","37,989","38,115","38,093","38,355","39,054","38,799","35,098","34,531","33,854","33,070","32,185","31,203","30,130","28,971","27,730","26,412","25,022","23,565","22,046","15,778","4,179",0,0,0,0,0,0,0,0,0,0,0,0,,,,,,,,,,,,,,,,,,,,,,,,,,,,,,,,,,,,,,,,,,,,,,,,,,,,,,,,
VCS1541,"Reported in PDD as  Ex-ante estimate of net anthropogenic emission reductions, buffer credits and Verified Carbon Units, Table 47 page 175.  Values taken from column labeled Ex ante VCUs tradable.",1,10,2012,"74,524","104,540","95,588","140,571","131,415","122,723","160,123","223,063","250,280","295,345","320,635","404,054","412,406","499,828","487,009","481,735","466,554","354,931","348,010","297,381","282,378","201,830","108,588","60,411","27,964","19,940","15,086","11,152","8,433","5,441",,,,,,,,,,,,,,,,,,,,,,,,,,,,,,,,,,,,,,,,,,,,,,,,,,,,,,,,,,,,,,,,,,,,,,,,,,,,
VCS1542,"Reported in PDD as Project Scale and Estimated GHG Emission Reductions or Removals, Table 1.7 pages 5-6.  Values taken from column labeled Estimated GHG emission reductions or removals (with buffer deduction)",1,25,2011,"36,070","47,744","47,090","46,568","45,920","45,649","45,001","44,479","43,837","43,554","42,365","41,117","39,762","38,730","37,375","36,127","34,785","33,726","32,384","31,137","7,581",,,,,,,,,,,,,,,,,,,,,,,,,,,,,,,,,,,,,,,,,,,,,,,,,,,,,,,,,,,,,,,,,,,,,,,,,,,,,,,,,,,,,
VCS1543,"Reported in PDD as Project Scale and Estimated GHG Emission Reductions or Removals, Table 1.7 page 6.  Values taken from column labeled Estimated GHG emission reductions or removals",0,n/a,2013,"-41,716","-5,568","88,377","121,868","179,233","182,615","159,797","160,441","117,567","-141,861","-85,697","100,041","123,749","101,361","12,115","49,201","129,114","134,666","-642,758","-574,501","-100,133","24,908","70,141","179,233","182,615","15,979","160,441","117,567","-141,861","-85,697","100,041","123,749","101,361","12,115","49,201","129,114","134,666","-642,758","-574,501","-100,133","24,908","70,141","179,233","182,615","159,797","160,441","117,567","-141,861","-85,697","100,041","123,749","101,361","12,115","49,201","129,114","134,666","-642,758","-574,501","-100,133","-30,020",,,,,,,,,,,,,,,,,,,,,,,,,,,,,,,,,,,,,,,,,,,,,,
VCS1558,"Reported in PDD as  Ex Ante actual net GHG removals by sinks, Table 16 pages 56-57.  Values taken from column labeled Actual net GHG removals by sinks, Annual carbon stock change.",0,13,2013,"5,094","29,121","60,951","65,240","64,795","64,532","64,339","64,186","64,060","63,952","63,858","63,775","63,701","63,634","63,572","63,516","63,464","63,415","63,370","-2,072","-87,227","-224,390","7,438","59,002","58,767","58,625","58,518","58,431","58,357","20,957",,,,,,,,,,,,,,,,,,,,,,,,,,,,,,,,,,,,,,,,,,,,,,,,,,,,,,,,,,,,,,,,,,,,,,,,,,,,
VCS1566,"Reported in PDD as  Number of Verified Carbon Units at time t= t2-t1, Table 82 pages 233-234.  Values taken from column labeled VCUt.",1,17,2013,"2,812,745","2,600,441","3,090,273","3,113,533","2,185,370","2,625,812","3,842,235","3,455,208","2,933,500","4,234,780","3,891,914","3,186,481","2,101,325","1,940,595","2,725,887","1,522,708","641,751","563,617","2,817,576","3,462,126","2,582,973","3,801,662","1,907,857","2,101,168","2,442,873","3,906,213","4,155,300","4,055,156","3,668,534","1,208,612",,,,,,,,,,,,,,,,,,,,,,,,,,,,,,,,,,,,,,,,,,,,,,,,,,,,,,,,,,,,,,,,,,,,,,,,,,,,
VCS1571,"Reported in PDD as  Ex-ante estimate of net anthropogenic emission reductions (DREDD) and Verified Carbon Units, Table 40 pages 106-107.  Values taken from column labeled Ex ante VCUs tradable.",1,10,2012,"27,436","5,151","50,908","54,366","4,580","54,648","58,524","73,729","5,023","60,808","78,473","166,541","88,064","58,268","96,564","86,230","183,109","226,820","266,808","208,825","105,734","207,545","140,298","284,453","283,586","240,518","275,831","295,792","409,867",,,,,,,,,,,,,,,,,,,,,,,,,,,,,,,,,,,,,,,,,,,,,,,,,,,,,,,,,,,,,,,,,,,,,,,,,,,,,
VCS1577,"Reported in PDD as Project Scale and Estimated GHG Emission Reductions or Removals, Table 1.7 page 5.  Values taken from column labeled Estimated GHG emission reductions or removals (with buffer deduction)",1,25,2011,"26,422","52,706","53,002","53,298","53,594","53,890","54,186","54,482","54,778","55,074","54,856","54,132","53,407","52,682","51,957","51,232","50,507","49,782","49,057","48,332","23,854",,,,,,,,,,,,,,,,,,,,,,,,,,,,,,,,,,,,,,,,,,,,,,,,,,,,,,,,,,,,,,,,,,,,,,,,,,,,,,,,,,,,,
VCS1622,"Reported in PDD as Estimated net GHG emission reductions or removals, Table 61 pages 195.  Values taken from column labeled Estimate net GHG emission reductions or removals.",0,n/a,2012,"277,446","513,676","542,299","627,698","708,317","756,196","809,884","880,979","969,825","1,076,243","1,150,920","1,135,414","1,101,832","1,098,758","1,098,159","1,019,100","907,372","883,939","974,763","1,011,540","986,247","1,123,309","867,397","548,846","230,595","151,879","125,579","108,507","89,280","68,842",,,,,,,,,,,,,,,,,,,,,,,,,,,,,,,,,,,,,,,,,,,,,,,,,,,,,,,,,,,,,,,,,,,,,,,,,,,,
VCS1650,"Reported in PDD as Ex ante estimation of net anthropogenic GHG emissions reductions (REDD) and Verified Carbon Units, Table 5.18 pages 130.  Values taken from column labeled Ex ante VCUs tradable, annual.",1,10,2010,0,"-48,509","-208,062","48,731","1,817,254","2,450,304","2,456,544","2,021,718","1,905,113","1,989,204",,,,,,,,,,,,,,,,,,,,,,,,,,,,,,,,,,,,,,,,,,,,,,,,,,,,,,,,,,,,,,,,,,,,,,,,,,,,,,,,,,,,,,,,,,,,,,,,
VCS1663,"Reported in PDD as Total Estimated net GHG Emission Reductions, under section 5.6 pages 80-81.  Values taken from column labeled Estimated net GHG emission reductions or removals ",0,,2013,"10,079","24,444","38,503","50,724","64,555","65,106","65,106","62,901","65,106","64,878","64,908","65,007","65,007","65,106","62,901","65,106","64,878","64,908","65,106","65,106","65,106","65,106","65,106","65,106","65,106",,,,,,,,,,,,,,,,,,,,,,,,,,,,,,,,,,,,,,,,,,,,,,,,,,,,,,,,,,,,,,,,,,,,,,,,,,,,,,,,,
VCS1664,"Reported in PDD as Project Scale and Estimated GHG Emission Reductions or Removals, Table 1.7 page 5.  Values taken from column labeled Estimated GHG emission reductions or removals (with buffer deduction)",1,25,2012,"61,967","65,308","68,650","71,992","75,334","78,675","82,017","85,359","88,701","92,042","93,212","94,382","95,552","96,722","97,892","99,061","100,231","101,401","102,571","103,741",,,,,,,,,,,,,,,,,,,,,,,,,,,,,,,,,,,,,,,,,,,,,,,,,,,,,,,,,,,,,,,,,,,,,,,,,,,,,,,,,,,,,,
VCS1682,"Reported in PDD as Net GHG Emission Reductions and removals, Table 3.4 pages 62-63.  Values taken from column labeled Estimated net GHG emission reductions or removals (numbers were subtracted from the running total to give annual numbers.)",0,n/a,2015,518,"3,513","12,592","12,615","12,700","13,362","13,653","13,653","13,728","13,750","13,736","12,878","10,624","10,387","10,157","9,921","9,604","8,886","7,961","7,255","6,911","6,618","6,294","5,790","5,301","4,725","4,162","3,750","3,399","2,905","2,697","2,592","2,492","2,399","2,311","2,235","2,153","2,078","2,010","1,947",,,,,,,,,,,,,,,,,,,,,,,,,,,,,,,,,,,,,,,,,,,,,,,,,,,,,,,,,,,,,,,,,,
VCS1684,"Reported in PDD as Ex ante estimates of GHG removals by sinks, Table B.7.4 pages 62.  Values taken from column labeled Net anthropogenic GHG removals by sinks",0,n/a,2008,-50,692,"6,779","35,135","14,893","64,383","38,070","63,511","53,459","43,841","44,234","32,784","39,590","35,949","33,561","34,111","27,482","19,577","27,210","16,854","25,991","24,123","27,492","31,882","37,533","44,547","55,522","62,378","77,257","88,702",,,,,,,,,,,,,,,,,,,,,,,,,,,,,,,,,,,,,,,,,,,,,,,,,,,,,,,,,,,,,,,,,,,,,,,,,,,,
VCS1686,"Reported in PDD as Ex ante estimation net anthropogenic GHG emission reductions, Table 73 pages 176.  Values taken from column labeled Ex ante VCUs Tradeable",1,15,2014,42533,305199,310852,315926,412713,365848,327945,411222,377406,424383,284333,393924,400184,410123,437366,428393,438589,423872,429239,400830,478213,470318,407156,510350,481929,472806,450735,410064,413917,556982,203498,,,,,,,,,,,,,,,,,,,,,,,,,,,,,,,,,,,,,,,,,,,,,,,,,,,,,,,,,,,,,,,,,,,,,,,,,,,
VCS1689,"Reported in PDD as Ex ante estimation for Baseline Emissions, Table 31 pages 114-115.  Values taken from column labeled Estimated net GHG emission reductions or removals(These include 10% reduction for buffer).",1,10,2016,"424,256","376,853","376,853","376,853","376,853","376,853","376,853","376,853","376,853","376,853","376,853","376,853","376,853","376,853","376,853","376,853","376,853","376,853","376,853","376,853","376,853","376,853","376,853","376,853","376,853","376,853","376,853","376,853","376,853","376,853",,,,,,,,,,,,,,,,,,,,,,,,,,,,,,,,,,,,,,,,,,,,,,,,,,,,,,,,,,,,,,,,,,,,,,,,,,,,
VCS1695,"Reported in PDD as Ex ante estimation of net anthropogenic GHG emissions reductions (REDD) and Verified Carbon Units, Table 40 pages 137-138.  Values taken from column labeled Ex ante VCUs tradable, annual.",1,20,2014,"1,468","1,407","1,287","1,286","1,454","1,413","1,541","1,723","1,459","1,655","1,557","1,866","2,038","1,905","2,046","1,829","1,628","1,944","1,883","1,564","1,564","1,891","1,847","1,555","1,619","1,858","1,656","1,642","1,620","1,652",,,,,,,,,,,,,,,,,,,,,,,,,,,,,,,,,,,,,,,,,,,,,,,,,,,,,,,,,,,,,,,,,,,,,,,,,,,,
VCS1715,Reported in PDD as Estimated GHG emission reductions or removals with buffer deduction  - Under section 1.7 on pages 5-6.,1,22,2013,"191,642","294,756","201,966","264,226","247,969","253,349","774,644","284,389","323,473","343,494","356,187","406,642","435,073","414,150","351,099","339,704","397,573","305,267","297,553","262,381","277,382","285,001","227,157","219,767","184,689","166,652","186,863","189,394","148,562","169,432",,,,,,,,,,,,,,,,,,,,,,,,,,,,,,,,,,,,,,,,,,,,,,,,,,,,,,,,,,,,,,,,,,,,,,,,,,,,
VCS1718,Reported in PDD as Estimated GHG emission reductions or removals with buffer deduction  - Under section 1.7 on pages 4-5.,1,22,2013,"67,813","65,813","62,997","74,812","64,367","108,044","130,235","128,434","183,126","106,721","131,428","137,216","111,977",,,,,,,,,,,,,,,,,,,,,,,,,,,,,,,,,,,,,,,,,,,,,,,,,,,,,,,,,,,,,,,,,,,,,,,,,,,,,,,,,,,,,,,,,,,,,
VCS1740,Reported in PDD as Estimated GHG emission reductions or removals  - Under section 1.7 on pages 3-4.,0,n/a,2013,"1,863","-100,858","-94,659","45,723","93,488","94,334","160,329","100,435","140,463","152,690","-37,842","149,484","99,930","-60,477","108,266","157,583","132,461","101,039","-696,921","93,247","-664,622","-2,077","91,832","88,141","210,728","4,436","211,571","98,730","-64,285","180,980","-24,432","94,692","142,775","88,980","145,059","98,594",,,,,,,,,,,,,,,,,,,,,,,,,,,,,,,,,,,,,,,,,,,,,,,,,,,,,,,,,,,,,,,,,,,,,,
VCS1748,Reported in PDD as Estimated GHG emission reductions or removals  - Under section 2.1.17 on page 34.,0,n/a,2015,"4,299,967","4,299,967","4,299,967","3,819,524","3,819,524","3,819,524","3,819,524","3,819,524","3,819,524","3,819,524","3,819,524","3,819,524","3,819,524","3,819,524","3,819,524","3,819,524","3,819,524","3,819,524","3,819,524","3,819,524","3,819,524","3,819,524","3,819,524","3,819,524","3,819,524","3,819,524","3,819,524","3,819,524","3,819,524","3,819,524",,,,,,,,,,,,,,,,,,,,,,,,,,,,,,,,,,,,,,,,,,,,,,,,,,,,,,,,,,,,,,,,,,,,,,,,,,,,
VCS1764,Reported in PDD as Estimated GHG emission reductions or removals (tCO2e) - Under section 1.7 on page 8.,0,n/a,2015,"7,521","13,982","35,161","51,315","63,447","96,668","118,828","172,444","215,732","250,148","290,429","310,907","329,081","337,240","342,849","306,848","227,274","199,766","156,895","153,591",,,,,,,,,,,,,,,,,,,,,,,,,,,,,,,,,,,,,,,,,,,,,,,,,,,,,,,,,,,,,,,,,,,,,,,,,,,,,,,,,,,,,,
